DayNum,NumOT,Totgamepts,FGM,FGA,FGM3,FGA3,FTM,FTA,OR,DR,Ast,TO,Stl,Blk,PF,win/loss
134,1,176,32,69,11,29,17,26,14,30,17,12,5,3,22,1
136,0,131,31,66,7,23,11,14,11,36,22,16,10,7,8,1
136,0,155,31,59,6,14,16,22,10,27,18,9,7,4,19,1
136,0,152,29,53,3,7,18,25,11,20,15,18,13,1,19,1
136,1,150,27,64,7,20,15,23,18,20,17,13,8,2,14,1
136,0,111,17,52,4,14,20,27,12,29,8,14,3,8,16,1
136,0,124,19,54,4,13,25,31,13,27,4,16,10,8,23,1
136,0,143,20,47,6,14,28,37,8,28,12,12,2,2,15,1
136,0,125,24,56,5,14,12,14,15,23,15,14,11,4,14,1
136,0,125,28,51,2,6,6,11,7,20,13,11,8,4,17,1
136,0,140,22,51,9,16,19,23,11,20,14,10,4,3,23,1
136,0,143,28,52,5,13,11,18,9,32,7,23,4,6,19,1
136,0,139,23,54,3,13,21,25,11,33,7,20,6,6,19,1
136,0,125,24,52,10,18,13,24,11,24,16,14,8,3,12,1
136,0,146,29,64,8,24,11,15,12,29,16,14,4,8,24,1
136,0,155,33,57,8,12,10,13,8,26,18,12,6,1,11,1
136,0,155,31,58,6,16,13,22,10,24,16,9,7,2,16,1
137,1,128,25,57,7,18,8,13,14,24,11,15,4,5,16,1
137,0,93,18,47,5,18,6,8,7,19,5,8,3,0,15,1
137,0,140,32,61,13,28,8,14,9,31,24,10,6,3,15,1
137,0,129,19,49,7,18,22,26,13,22,15,8,1,2,17,1
137,0,159,40,65,10,20,5,11,10,25,22,13,7,4,17,1
137,0,150,35,70,8,24,8,13,15,29,18,12,12,4,22,1
137,0,148,27,54,10,19,11,15,8,27,17,13,3,3,20,1
137,0,143,26,56,7,13,20,25,10,28,16,11,5,1,18,1
137,0,140,27,50,7,20,16,28,10,15,15,11,12,0,17,1
137,0,148,33,59,9,16,12,21,10,23,22,9,14,6,19,1
137,0,136,27,52,9,16,17,19,8,25,7,19,9,1,18,1
137,0,141,30,52,4,11,12,15,11,28,16,18,5,9,17,1
137,0,143,31,62,6,16,14,20,19,28,15,14,6,2,16,1
137,0,118,18,61,9,23,15,18,13,23,8,15,7,4,22,1
137,0,149,29,69,6,23,12,20,19,29,13,19,8,9,19,1
137,0,130,26,64,6,20,13,18,17,30,19,10,5,4,11,1
138,2,191,34,74,7,24,21,29,18,29,18,9,7,4,20,1
138,0,159,31,68,6,10,17,21,17,26,12,9,4,1,13,1
138,0,146,32,52,10,15,12,16,4,23,14,11,15,9,18,1
138,0,184,40,59,5,9,23,34,12,28,21,13,6,6,20,1
138,1,193,35,62,12,18,19,20,8,25,18,12,6,0,20,1
138,0,128,25,61,13,24,5,5,5,32,12,11,5,4,13,1
138,0,139,26,51,7,13,15,24,13,23,16,12,2,2,15,1
138,0,121,22,57,6,22,11,17,10,22,12,5,5,3,11,1
139,0,130,24,56,4,19,16,20,12,21,11,14,9,6,18,1
139,0,150,27,52,14,22,11,19,10,18,21,12,6,2,11,1
139,0,128,26,55,4,13,18,18,13,22,11,13,4,3,16,1
139,0,141,30,58,3,13,14,17,7,32,19,8,2,6,21,1
139,0,114,25,45,6,16,12,18,9,21,15,10,5,0,18,1
139,0,126,25,47,4,9,20,28,10,21,15,11,9,1,14,1
139,0,124,26,57,5,12,11,18,5,33,16,17,11,9,19,1
139,0,144,25,62,5,11,22,26,13,27,8,13,4,0,21,1
143,0,159,36,76,7,14,9,11,14,30,19,10,12,5,17,1
143,0,134,29,67,1,12,10,17,18,29,14,17,4,5,16,1
143,0,120,24,49,1,5,14,24,12,21,9,14,10,4,17,1
143,0,151,28,54,6,12,15,22,10,18,16,10,7,3,18,1
144,0,118,22,56,6,17,10,12,11,26,10,18,8,3,20,1
144,0,119,27,55,4,10,7,12,19,20,15,13,6,1,18,1
144,0,157,29,66,5,14,16,21,15,21,14,10,9,7,17,1
144,0,160,24,69,5,18,29,36,21,31,13,10,5,5,21,1
145,0,153,29,67,8,26,12,18,15,22,16,15,13,5,20,1
145,0,152,31,55,10,19,11,15,10,26,21,15,6,6,22,1
146,0,110,25,48,2,12,11,19,12,28,16,24,13,2,13,1
146,0,161,25,51,6,14,29,38,8,20,16,4,6,4,22,1
152,0,155,38,71,8,19,10,17,19,33,22,12,8,5,15,1
152,0,179,32,56,7,13,24,31,9,28,14,13,9,2,21,1
154,0,159,30,63,11,18,10,17,11,25,13,17,10,7,22,1
134,0,129,25,63,6,20,16,23,19,25,11,12,8,2,15,1
136,0,129,24,53,7,16,10,16,11,24,7,12,7,2,7,1
136,0,123,26,52,6,14,12,23,11,31,14,13,6,3,8,1
136,2,145,24,59,5,13,23,40,11,38,13,11,4,3,19,1
136,0,157,32,66,9,26,23,31,17,29,19,14,14,4,19,1
136,0,125,29,54,3,13,15,25,10,36,19,15,6,5,14,1
136,0,135,26,60,6,15,17,21,13,23,10,10,8,4,21,1
136,0,169,29,59,8,18,20,31,16,21,17,14,7,6,20,1
136,0,138,20,46,7,22,25,29,5,23,10,17,6,2,16,1
136,0,115,22,53,4,13,15,18,14,21,12,13,10,1,15,1
136,0,156,27,58,8,22,18,24,12,21,12,10,6,0,19,1
136,0,145,27,60,8,23,20,28,10,26,16,14,15,3,17,1
136,0,116,27,54,6,14,11,15,11,29,11,20,11,9,20,1
136,0,155,24,46,11,16,21,28,5,18,12,7,2,4,15,1
136,0,115,23,50,11,15,9,14,17,26,10,13,3,1,16,1
136,0,149,29,59,4,11,14,18,14,22,17,16,7,2,16,1
136,0,157,28,54,6,16,17,27,9,23,16,11,7,2,16,1
137,0,109,23,44,3,4,9,11,4,21,20,8,4,3,13,1
137,0,157,29,62,13,32,9,11,12,33,22,17,3,11,19,1
137,0,125,25,55,6,18,9,12,8,29,10,12,4,3,14,1
137,0,125,27,60,9,24,9,13,16,28,19,8,5,5,17,1
137,0,131,24,39,5,12,25,40,6,35,18,25,6,8,19,1
137,0,172,35,62,11,28,15,23,13,29,23,17,8,5,15,1
137,0,102,23,59,9,27,4,7,14,22,16,9,3,4,15,1
137,0,137,30,56,8,22,17,23,13,34,19,17,12,3,13,1
137,0,113,18,49,5,17,20,24,13,24,10,15,5,0,20,1
137,0,131,30,55,2,6,13,16,11,26,15,15,12,5,16,1
137,0,124,24,50,6,14,12,18,7,22,17,12,7,1,11,1
137,0,97,13,44,5,16,22,31,10,27,7,13,8,1,15,1
137,0,202,30,65,9,26,33,44,11,26,23,12,8,2,26,1
137,0,129,26,46,11,19,8,18,8,25,16,17,9,5,15,1
137,0,140,25,51,8,18,18,24,11,18,14,9,7,3,11,1
137,0,150,23,46,9,18,25,29,12,27,15,15,6,1,12,1
138,0,137,16,43,4,19,34,44,5,24,8,8,6,8,16,1
138,0,127,26,60,5,16,15,23,13,31,15,5,5,5,15,1
138,0,152,26,48,4,11,34,38,11,29,16,10,3,3,18,1
138,0,163,30,64,8,17,23,29,14,29,18,8,4,4,18,1
138,0,135,27,57,12,31,4,5,11,20,13,13,4,0,16,1
138,0,142,22,55,4,12,24,38,12,26,11,12,7,5,25,1
138,0,153,27,55,5,13,19,23,9,26,10,11,6,1,19,1
138,0,164,29,57,8,20,18,24,8,29,15,10,5,2,18,1
139,0,111,23,51,6,18,5,6,8,16,15,17,12,1,17,1
139,0,160,35,55,11,19,11,14,2,19,26,4,9,1,14,1
139,0,141,29,60,5,15,15,21,15,25,17,13,11,3,15,1
139,0,123,28,47,5,12,9,17,14,20,18,17,8,1,16,1
139,0,114,21,59,2,10,15,19,15,25,10,9,7,3,17,1
139,0,151,30,67,8,18,8,13,18,15,19,12,9,1,19,1
139,0,148,23,49,10,25,19,21,10,17,15,8,4,2,13,1
139,0,163,30,55,13,19,16,23,6,32,14,13,3,9,14,1
143,0,151,26,52,9,22,19,23,10,17,22,9,11,6,17,1
143,0,126,27,51,6,17,13,15,11,33,14,18,6,4,10,1
143,0,114,22,45,4,8,15,16,6,24,13,10,6,5,16,1
143,0,164,29,58,12,24,14,23,10,20,15,11,8,4,21,1
144,0,134,28,51,6,18,10,15,5,24,19,13,10,5,14,1
144,0,139,27,63,6,18,12,22,13,36,10,16,9,5,22,1
144,0,174,30,56,4,10,36,44,10,35,21,17,9,3,19,1
144,0,150,23,58,8,25,25,35,16,23,13,7,6,3,20,1
145,0,158,29,60,10,17,19,29,15,25,17,7,3,7,18,1
145,0,126,25,53,4,17,10,15,12,30,13,13,2,6,16,1
146,0,129,21,54,8,20,16,20,10,29,15,11,6,7,23,1
146,1,150,25,56,3,16,26,34,11,30,14,12,13,3,17,1
152,0,157,26,52,6,11,21,32,13,31,9,18,5,6,20,1
152,0,132,24,49,7,17,12,16,7,22,16,12,7,4,19,1
154,0,155,26,61,5,17,25,39,18,32,10,16,5,2,18,1
134,0,148,29,57,7,15,14,20,14,29,14,17,2,2,14,1
136,0,119,23,49,6,14,14,18,9,24,9,11,3,6,12,1
136,0,150,30,52,8,12,17,25,8,33,24,19,8,6,14,1
136,0,140,27,57,9,18,13,22,9,27,18,8,5,8,19,1
136,0,138,27,59,5,16,15,22,11,29,13,10,5,5,14,1
136,0,122,23,54,6,21,15,21,8,22,16,8,8,2,13,1
136,0,136,26,51,2,11,18,26,9,22,11,14,9,4,11,1
136,0,118,23,62,3,14,12,18,16,33,11,8,4,7,14,1
136,0,151,34,74,3,13,13,15,14,34,16,14,9,3,14,1
136,0,150,26,55,10,20,17,23,10,25,15,12,2,1,18,1
136,0,144,32,52,3,7,11,16,4,28,21,14,7,2,14,1
136,0,150,27,59,7,16,21,36,11,24,15,15,8,2,23,1
136,0,114,21,49,6,24,12,20,15,25,15,18,7,4,13,1
136,0,124,24,58,8,28,14,21,15,22,16,15,10,2,12,1
136,0,165,32,58,9,19,15,22,9,23,19,16,9,1,14,1
136,0,124,22,46,8,20,11,13,8,21,19,16,12,4,15,1
136,0,156,26,50,12,21,19,28,8,14,20,7,6,1,18,1
137,0,127,22,55,8,31,12,16,9,21,17,9,10,1,21,1
137,0,148,29,58,3,6,16,25,14,29,17,13,7,6,13,1
137,0,103,16,39,6,20,19,29,5,27,9,8,5,6,15,1
137,0,129,21,54,7,23,18,19,11,21,15,16,11,8,21,1
137,0,148,28,56,7,16,17,22,10,32,11,17,10,3,22,1
137,0,117,25,57,2,8,12,19,15,24,11,13,12,8,17,1
137,0,130,22,57,6,22,18,27,16,20,12,11,5,2,19,1
137,0,170,29,51,3,14,28,36,5,25,11,13,9,1,22,1
137,0,163,32,57,9,17,20,26,10,29,13,9,3,6,19,1
137,0,138,26,59,4,19,19,22,11,22,14,16,14,8,10,1
137,0,164,37,58,12,19,10,19,15,24,27,15,9,3,13,1
137,0,113,18,37,4,7,23,29,8,22,13,17,11,1,13,1
137,0,121,25,61,4,12,11,14,12,21,12,10,8,2,22,1
137,1,117,22,59,7,21,9,11,13,17,14,16,10,0,12,1
137,0,102,15,53,8,29,17,24,18,29,9,20,12,4,15,1
137,0,109,20,48,11,26,6,10,5,25,14,8,3,2,13,1
138,0,148,30,57,7,22,18,23,11,28,16,16,7,7,14,1
138,0,130,26,49,2,12,17,20,6,26,18,16,9,3,18,1
138,0,129,25,49,7,12,12,18,7,29,16,15,7,5,17,1
138,0,140,29,59,4,11,9,16,8,24,18,7,7,1,14,1
138,0,125,22,37,5,8,18,28,9,30,15,20,2,2,19,1
138,0,176,36,64,9,23,16,19,12,23,17,7,2,3,20,1
138,2,216,37,70,7,21,30,39,10,25,20,11,5,5,26,1
138,0,158,26,55,11,24,20,22,10,16,17,16,11,5,26,1
139,0,118,19,50,8,21,17,21,13,30,8,16,8,6,22,1
139,0,130,22,42,10,21,22,28,9,28,10,11,1,7,15,1
139,0,133,27,56,2,12,16,22,12,27,12,9,4,4,16,1
139,0,127,20,50,10,20,15,17,7,19,13,13,10,4,18,1
139,0,157,31,65,8,25,22,37,15,35,20,13,14,4,18,1
139,0,162,25,46,6,12,29,33,8,22,18,14,3,0,23,1
139,0,141,24,58,3,11,25,35,17,27,10,14,11,4,23,1
139,0,133,21,46,7,17,22,29,8,22,14,7,5,1,12,1
143,0,157,31,47,7,14,10,17,8,23,17,14,3,5,17,1
143,0,140,28,57,9,20,12,15,8,25,20,9,7,2,20,1
143,0,172,31,56,11,26,20,28,10,34,17,17,8,4,18,1
143,0,125,24,51,9,22,8,13,11,20,14,18,5,3,15,1
144,0,114,24,39,4,13,10,19,4,21,10,14,6,2,25,1
144,0,146,27,65,5,14,19,23,16,22,12,16,13,0,22,1
144,0,133,20,48,8,19,19,24,12,30,11,17,3,3,24,1
144,0,121,21,42,4,10,19,25,4,31,7,18,2,0,14,1
145,1,179,32,71,16,35,10,15,14,18,21,13,12,2,18,1
145,1,178,32,58,11,28,18,29,15,19,19,11,8,4,18,1
146,2,182,30,64,10,19,24,30,17,23,15,13,6,3,20,1
146,0,170,34,64,5,16,15,18,12,21,19,9,5,5,15,1
152,0,129,27,56,12,30,6,8,10,28,21,7,4,0,12,1
152,0,158,35,71,6,20,11,17,13,38,18,13,5,6,17,1
154,0,145,27,52,9,16,12,19,8,26,12,10,4,2,13,1
134,0,120,27,61,10,26,7,9,7,31,21,9,2,10,11,1
136,0,175,28,55,12,23,22,31,16,16,15,14,4,3,17,1
136,2,164,29,57,6,23,24,29,7,23,22,8,12,2,16,1
136,0,124,24,49,5,15,17,20,9,26,15,20,9,8,11,1
136,0,126,29,59,10,25,8,10,8,31,21,11,8,7,9,1
136,1,173,31,66,10,22,16,22,15,19,16,10,6,1,20,1
136,0,154,26,50,6,12,21,27,8,25,11,10,4,4,25,1
136,0,147,29,50,8,22,12,14,7,21,17,11,6,1,17,1
136,0,170,35,71,8,26,9,16,15,16,14,9,11,0,16,1
136,0,144,27,51,5,10,21,27,9,30,16,18,8,11,17,1
136,0,166,29,56,6,12,23,27,10,22,18,8,2,2,12,1
136,0,124,24,53,5,21,10,14,11,22,12,13,6,6,15,1
136,0,124,20,56,7,20,19,22,14,24,14,10,8,5,19,1
136,0,122,30,56,4,13,14,17,9,36,20,14,11,4,14,1
136,0,136,28,59,12,27,7,8,5,17,16,7,11,1,14,1
136,0,156,25,55,6,20,26,32,10,22,13,12,8,1,15,1
136,0,152,27,57,10,22,22,32,14,30,19,15,6,3,20,1
137,0,169,35,59,5,10,19,23,11,25,19,9,9,6,19,1
137,0,150,23,52,11,21,20,32,11,24,17,16,6,1,17,1
137,0,114,17,44,11,21,14,18,8,21,10,14,10,2,17,1
137,0,131,27,46,8,16,10,13,7,21,17,16,6,5,9,1
137,0,140,29,49,5,12,12,26,10,30,7,14,4,6,10,1
137,0,103,20,46,5,19,9,14,8,24,15,9,4,4,12,1
137,0,133,19,61,5,25,26,30,20,27,12,8,2,3,16,1
137,0,172,37,61,11,22,9,16,12,21,16,13,10,2,21,1
137,0,110,21,42,5,16,11,17,7,18,10,11,5,1,15,1
137,0,134,22,48,5,18,20,25,12,25,15,17,10,3,12,1
137,0,127,23,60,9,23,9,14,14,17,17,11,9,4,21,1
137,0,132,26,65,5,22,13,23,15,28,10,4,2,4,13,1
137,0,143,31,46,6,14,11,15,4,24,18,12,4,7,13,1
137,0,112,18,45,2,10,22,26,14,28,7,11,4,6,14,1
137,0,103,16,52,7,25,19,23,15,25,7,13,13,1,17,1
137,0,110,22,50,11,32,9,11,9,22,15,11,8,3,10,1
138,0,125,27,63,8,17,7,9,15,29,16,8,2,9,11,1
138,0,135,21,44,6,16,26,37,9,30,12,18,4,10,15,1
138,0,142,30,56,8,20,14,19,10,31,17,10,6,7,19,1
138,0,170,28,61,2,11,32,41,14,27,13,7,9,2,14,1
138,0,115,19,54,2,12,18,23,12,23,5,13,4,6,12,1
138,0,121,24,47,9,25,5,13,7,14,17,11,5,4,20,1
138,0,131,17,45,5,15,28,39,8,27,8,11,5,5,17,1
138,0,153,24,48,9,15,23,29,9,25,16,13,3,2,12,1
139,0,138,22,59,2,6,26,32,16,24,14,8,8,2,16,1
139,0,170,31,62,4,13,21,30,13,22,16,12,7,1,16,1
139,0,125,23,58,4,16,15,19,11,27,14,8,7,2,8,1
139,0,122,27,58,6,14,10,12,12,25,18,8,6,5,10,1
139,0,128,23,48,7,16,19,26,7,18,15,9,10,2,20,1
139,0,129,26,56,8,19,15,19,9,29,17,10,8,3,14,1
139,0,160,28,52,9,19,17,20,12,19,13,13,6,4,19,1
139,0,121,18,46,7,22,24,33,8,20,11,14,13,2,15,1
143,0,116,24,61,2,7,12,23,16,29,14,15,7,9,16,1
143,0,144,31,60,6,15,12,18,11,30,11,13,10,7,18,1
143,0,145,28,58,4,19,14,20,17,28,19,13,8,1,12,1
143,0,144,23,57,6,21,21,30,12,20,12,10,5,4,22,1
144,1,190,27,51,10,19,34,47,10,32,15,26,7,5,20,1
144,0,110,19,45,5,13,14,17,9,22,7,12,4,8,14,1
144,0,118,20,44,8,16,15,23,2,30,12,9,5,5,16,1
144,1,119,21,60,4,19,14,20,15,21,9,11,11,2,21,1
145,1,130,28,66,3,18,11,16,9,33,18,10,8,7,13,1
145,0,95,14,40,2,8,20,39,13,23,7,17,4,2,14,1
146,0,137,22,54,4,17,27,31,19,34,14,16,2,8,22,1
146,1,170,30,60,9,18,17,25,15,22,13,11,6,2,17,1
152,0,131,23,53,12,25,15,19,16,24,8,15,5,4,12,1
152,0,104,21,51,5,18,12,17,15,27,10,17,10,5,24,1
154,0,130,26,58,6,19,15,20,9,26,21,6,7,10,13,1
134,0,146,24,62,8,27,21,28,17,25,10,11,5,2,17,1
136,0,159,30,57,8,20,16,20,11,24,16,8,3,9,10,1
136,0,103,19,46,9,24,10,16,9,26,11,11,6,3,15,1
136,0,135,29,53,7,16,15,20,12,27,17,12,9,4,16,1
136,0,127,23,58,9,25,15,16,12,33,15,13,3,2,14,1
136,0,136,25,51,7,17,21,28,8,18,12,13,11,1,25,1
136,0,152,31,68,6,17,14,19,19,35,19,22,8,4,15,1
136,0,110,22,41,4,10,13,15,4,24,17,15,6,3,18,1
136,0,151,37,57,6,13,6,11,11,27,24,22,7,6,8,1
136,0,135,28,54,11,20,11,18,9,26,14,10,5,2,5,1
136,0,137,30,55,10,21,9,14,8,36,21,17,3,7,12,1
136,0,120,24,51,5,13,15,27,11,29,10,8,4,5,13,1
136,0,112,27,58,10,19,6,9,13,22,18,13,6,5,18,1
136,0,156,26,61,9,16,18,24,14,17,14,11,13,1,26,1
136,0,121,26,61,12,31,13,16,15,26,22,11,6,3,22,1
136,0,124,27,57,5,13,11,12,11,25,12,6,3,8,16,1
136,0,156,24,56,8,17,23,29,13,24,12,10,3,4,19,1
137,0,181,43,73,10,28,16,27,24,38,27,12,5,6,13,1
137,0,174,40,74,13,22,14,26,13,37,29,12,14,7,26,1
137,0,125,20,44,5,19,22,31,10,27,12,11,5,5,18,1
137,0,131,25,62,4,16,19,27,20,25,12,16,6,8,19,1
137,1,148,28,62,7,20,14,17,15,33,16,19,2,9,16,1
137,0,114,19,44,5,16,15,17,4,20,10,5,3,1,12,1
137,0,135,24,63,5,17,19,29,19,20,10,8,12,1,18,1
137,0,112,18,41,2,12,23,30,9,19,11,18,9,3,21,1
137,0,207,43,73,14,27,21,30,16,27,25,6,11,4,20,1
137,0,146,25,51,4,16,25,26,9,21,11,15,8,4,14,1
137,0,130,19,60,8,30,21,27,24,20,15,9,5,5,20,1
137,0,137,25,50,4,13,23,25,9,30,10,12,8,5,18,1
137,0,141,30,56,9,17,15,18,15,26,16,8,3,5,14,1
137,0,106,15,42,6,14,18,28,4,18,11,9,11,4,12,1
137,0,138,28,62,8,21,10,19,10,33,20,13,5,6,16,1
137,0,139,22,55,7,20,25,30,11,23,13,10,8,4,21,1
138,0,121,23,52,12,26,4,6,8,15,14,12,10,0,15,1
138,0,117,22,52,4,16,14,19,17,21,12,10,6,7,14,1
138,0,148,25,52,6,16,25,34,14,26,12,10,6,3,17,1
138,1,149,26,63,9,21,17,20,12,33,10,14,5,6,19,1
138,1,163,31,57,6,12,16,27,14,28,20,16,5,6,17,1
138,0,141,19,41,5,8,29,39,6,19,9,11,6,1,23,1
138,0,103,17,47,2,9,18,24,9,29,10,10,6,2,19,1
138,2,152,27,63,10,27,14,18,11,28,13,17,12,2,17,1
139,0,141,21,42,5,18,27,31,7,24,11,15,7,4,14,1
139,0,164,30,53,10,16,18,23,9,21,19,11,7,5,21,1
139,0,140,23,59,6,17,26,34,16,24,10,10,7,5,16,1
139,0,136,27,56,11,23,10,12,10,21,8,10,4,0,13,1
139,0,111,19,43,12,21,13,23,6,24,11,9,5,3,19,1
139,0,151,22,54,11,26,22,32,12,27,12,16,7,0,25,1
139,0,142,24,52,10,20,16,20,6,27,12,9,3,2,22,1
139,0,155,27,59,6,16,27,38,13,30,13,10,6,2,16,1
143,0,119,25,42,1,6,10,19,6,20,16,19,9,1,16,1
143,0,129,23,54,5,17,14,21,11,20,8,8,2,6,15,1
143,0,169,27,51,8,22,23,35,8,25,13,8,3,5,17,1
143,0,119,18,42,5,13,23,26,6,27,10,14,1,2,18,1
144,0,122,17,34,8,19,23,28,6,21,9,13,1,6,16,1
144,0,131,25,56,8,19,8,14,16,24,14,11,3,3,18,1
144,0,138,30,77,2,14,12,17,20,26,11,9,6,4,14,1
144,0,148,23,48,13,23,17,22,7,30,11,17,4,3,20,1
145,0,168,26,51,5,17,35,41,9,25,9,8,8,2,15,1
145,0,123,24,45,8,17,12,18,10,21,12,25,15,3,14,1
146,0,162,23,48,11,24,28,43,15,24,10,18,5,5,14,1
146,1,180,38,66,8,14,12,18,11,27,26,10,4,11,18,1
152,0,142,24,45,9,22,19,31,8,35,10,16,2,6,17,1
152,0,127,25,57,4,14,13,19,16,21,13,8,8,3,10,1
154,0,159,26,53,10,18,22,25,10,28,11,15,5,3,19,1
134,0,129,19,55,5,20,26,32,13,28,10,11,7,3,16,1
136,0,141,25,58,6,21,15,21,13,27,9,15,11,2,17,1
136,0,146,33,61,12,25,7,15,15,23,21,11,10,3,15,1
136,0,147,29,60,7,16,15,26,21,23,15,13,7,1,21,1
136,0,140,23,52,5,13,23,29,15,19,10,7,5,3,18,1
136,0,133,26,54,4,15,16,18,10,27,19,12,4,2,18,1
136,0,118,26,57,9,21,7,11,11,31,14,13,4,5,15,1
136,0,145,32,69,8,22,10,13,16,34,17,9,5,1,13,1
136,0,169,33,67,9,20,15,18,16,27,14,13,6,6,18,1
136,0,130,31,56,8,18,7,10,13,34,20,19,5,7,15,1
136,0,129,25,46,8,16,9,17,9,28,18,13,2,0,15,1
136,0,99,27,57,8,20,8,11,12,40,20,12,7,13,9,1
136,0,129,29,57,6,18,7,9,7,29,16,19,11,7,16,1
136,0,111,29,49,4,13,9,13,8,32,20,10,4,3,11,1
136,0,140,28,55,11,19,8,9,6,21,16,9,6,3,17,1
136,0,127,25,59,3,16,18,25,18,32,13,17,8,7,11,1
136,0,134,20,47,6,18,27,33,6,23,11,8,9,1,12,1
137,0,158,26,48,8,17,26,33,9,25,14,12,5,4,18,1
137,0,142,27,53,15,28,12,13,7,21,18,10,9,1,21,1
137,0,158,28,57,11,22,15,21,10,19,18,14,9,1,18,1
137,0,113,26,51,8,23,6,14,11,29,14,15,6,2,12,1
137,0,140,29,52,12,24,9,18,7,20,15,16,10,6,17,1
137,0,150,28,54,9,20,22,35,16,23,18,12,7,5,18,1
137,0,142,28,63,5,13,17,21,13,34,14,16,4,4,20,1
137,0,145,24,51,4,17,24,36,8,32,16,12,5,6,15,1
137,0,187,43,71,7,16,20,25,18,30,25,9,11,4,16,1
137,0,136,24,42,6,14,18,26,6,19,14,9,5,2,18,1
137,1,139,31,65,4,12,4,7,12,19,13,11,11,4,21,1
137,0,145,26,46,9,20,22,25,5,24,16,17,10,0,11,1
137,0,129,22,45,6,19,22,31,6,21,13,14,12,3,16,1
137,0,128,27,55,10,22,10,18,15,29,17,11,2,6,16,1
137,0,144,22,44,7,13,24,29,5,31,8,19,6,1,15,1
137,1,200,37,68,14,28,13,19,13,28,18,22,5,4,29,1
138,0,131,29,50,5,13,12,19,7,29,9,10,7,1,26,1
138,0,119,25,52,6,10,9,9,10,27,12,15,1,3,17,1
138,1,163,28,60,7,14,19,28,11,27,23,8,4,4,14,1
138,0,100,19,44,6,18,7,11,8,21,7,14,7,11,16,1
138,0,102,24,54,4,17,9,14,8,29,14,7,8,2,15,1
138,0,140,25,62,4,11,19,22,19,28,12,17,1,5,25,1
138,0,127,24,46,9,22,15,24,4,22,10,10,3,0,18,1
138,0,163,27,50,5,12,26,33,5,29,12,14,5,3,17,1
139,0,144,22,57,6,28,24,30,12,16,10,5,6,0,20,1
139,0,126,32,54,9,17,5,15,10,23,24,12,7,3,18,1
139,0,151,28,63,6,16,15,32,19,26,19,5,3,11,16,1
139,0,185,44,65,8,16,12,17,11,21,28,7,3,5,18,1
139,1,147,26,59,5,19,19,29,16,30,12,20,5,3,24,1
139,0,147,25,57,13,26,12,21,16,25,17,13,3,7,19,1
139,0,156,30,56,6,13,18,24,6,31,15,15,8,2,27,1
139,0,135,25,52,6,16,16,21,8,23,11,14,13,6,19,1
143,0,139,26,50,4,14,23,30,9,34,14,20,6,7,23,1
143,0,115,25,58,5,15,13,19,14,32,11,13,5,5,16,1
143,0,166,29,58,4,9,26,35,17,34,17,19,6,8,22,1
143,1,154,28,59,11,19,12,21,15,26,16,12,3,5,25,1
144,0,129,26,53,12,24,9,12,11,17,18,7,9,0,19,1
144,0,129,24,45,8,19,16,20,7,26,16,18,8,5,18,1
144,0,166,31,59,4,13,26,35,17,22,13,9,9,7,16,1
144,0,144,32,65,7,22,11,18,14,28,16,6,7,5,14,1
145,0,156,31,58,3,11,18,21,15,18,16,14,9,0,17,1
145,0,133,28,52,7,15,13,18,13,24,17,14,6,6,19,1
146,0,116,23,52,5,14,8,14,10,28,12,14,5,5,16,1
146,0,152,26,52,3,11,30,36,7,32,18,7,4,5,13,1
152,0,150,34,64,5,15,11,14,11,31,17,19,10,9,21,1
152,0,141,27,64,4,12,20,23,15,28,10,9,7,6,14,1
154,1,143,29,55,3,12,14,15,9,30,14,17,11,1,18,1
134,0,101,18,50,4,15,18,24,16,34,13,21,6,2,14,1
136,0,150,37,71,6,24,23,39,17,41,28,10,12,6,11,1
136,0,148,28,57,9,20,21,25,17,21,21,15,6,3,14,1
136,0,141,23,44,5,15,26,31,7,27,15,8,5,5,18,1
136,0,146,27,55,6,14,15,21,9,21,14,11,11,8,20,1
136,0,155,31,63,6,16,16,24,16,20,18,9,5,1,17,1
136,0,151,29,59,11,28,12,21,12,23,19,14,14,3,16,1
136,0,121,20,51,10,26,12,15,9,24,16,14,5,3,11,1
136,0,159,38,84,5,14,20,24,20,39,17,12,11,8,13,1
136,0,136,29,48,4,12,20,32,7,38,15,15,5,6,11,1
136,0,117,21,52,3,15,16,22,10,22,11,10,8,3,13,1
136,0,138,27,57,11,20,11,19,14,27,12,14,6,1,18,1
136,0,145,30,52,6,17,13,19,7,28,20,14,2,6,15,1
136,0,129,21,52,6,12,17,19,9,24,9,12,9,1,20,1
136,0,147,24,50,6,18,26,29,10,28,15,16,8,8,12,1
136,0,148,27,56,9,19,13,22,9,28,13,15,8,4,12,1
136,0,129,27,62,2,9,15,21,17,28,13,15,5,0,21,1
137,0,155,30,55,4,12,20,28,11,23,11,14,13,2,15,1
137,0,123,20,39,8,14,18,24,3,24,12,11,4,1,14,1
137,0,153,31,65,6,15,16,22,14,18,15,6,9,1,17,1
137,0,128,25,54,4,10,14,23,13,19,14,9,5,2,22,1
137,0,158,32,64,4,12,16,20,10,29,17,5,5,2,17,1
137,0,128,29,50,10,24,6,11,8,21,19,19,9,4,16,1
137,0,115,17,47,5,19,19,23,10,22,7,9,4,2,14,1
137,0,139,28,61,4,13,17,23,17,32,15,10,6,4,15,1
137,0,137,28,59,5,20,17,19,9,28,19,4,4,1,11,1
137,0,152,30,53,7,21,10,13,8,23,13,12,5,0,19,1
137,0,134,24,55,7,19,17,23,9,38,16,18,5,3,16,1
137,2,146,24,72,6,24,20,28,23,30,13,22,9,3,18,1
137,0,103,25,55,2,16,7,10,12,43,14,21,3,11,12,1
137,0,127,27,51,4,9,14,19,11,24,19,13,7,6,18,1
137,1,120,22,54,9,27,8,12,5,21,10,9,4,2,16,1
137,0,136,29,54,8,19,11,18,10,24,12,7,5,2,17,1
138,0,158,33,57,5,10,21,27,12,27,20,9,3,5,16,1
138,0,143,23,53,7,14,21,27,12,19,9,9,8,2,20,1
138,0,164,30,60,9,21,14,19,9,22,18,11,4,4,12,1
138,0,159,31,53,10,19,17,22,8,27,21,13,6,3,17,1
138,0,154,32,59,6,13,14,18,11,21,13,10,11,5,9,1
138,0,136,25,51,6,19,17,27,13,22,18,11,5,4,13,1
138,0,150,25,64,7,16,19,23,15,25,15,11,5,7,21,1
138,0,158,31,67,8,25,19,27,16,25,20,11,11,1,22,1
139,0,128,22,44,3,11,24,28,6,27,12,11,8,3,19,1
139,0,103,23,53,3,16,11,22,11,39,9,17,5,12,11,1
139,0,151,32,65,9,20,6,13,19,28,18,17,3,7,13,1
139,0,143,22,51,6,13,24,31,12,24,20,16,5,1,18,1
139,0,162,31,64,7,22,14,20,10,20,14,7,6,4,23,1
139,0,160,28,57,11,28,17,26,19,22,18,14,2,5,12,1
139,0,145,26,47,9,20,17,21,4,29,18,10,4,0,15,1
139,0,109,18,46,6,14,18,26,7,30,12,14,4,5,20,1
143,0,132,25,56,3,8,19,30,14,34,19,13,6,6,12,1
143,0,193,33,62,6,16,30,45,12,25,17,12,9,3,24,1
143,0,115,22,65,4,15,12,19,18,26,9,9,9,3,13,1
143,0,131,27,64,4,18,19,23,13,36,9,12,5,5,23,1
144,0,167,38,66,14,29,13,14,11,25,29,9,10,3,15,1
144,0,129,23,59,5,15,16,17,13,18,17,13,13,2,16,1
144,0,175,36,68,11,19,15,27,11,31,23,9,8,4,17,1
144,0,155,32,59,9,21,11,18,15,21,19,18,11,3,14,1
145,0,157,27,53,2,12,26,32,11,36,15,17,3,8,13,1
145,0,154,25,56,6,20,22,23,13,20,9,13,6,5,24,1
146,0,116,24,52,8,16,8,11,13,24,19,12,7,1,22,1
146,0,132,26,51,5,14,15,16,6,21,13,12,9,2,19,1
152,0,155,31,72,6,19,14,20,18,24,18,11,11,3,25,1
152,0,152,25,62,11,22,22,37,14,34,16,12,6,6,20,1
154,0,161,28,61,5,12,28,40,11,24,13,7,9,0,22,1
134,0,105,17,44,6,16,21,28,10,29,12,10,3,7,16,1
136,0,127,26,59,5,20,11,17,8,39,18,14,8,2,18,1
136,0,136,23,50,13,31,18,28,8,24,14,10,6,1,13,1
136,2,191,32,65,10,23,25,32,10,23,11,12,12,2,17,1
136,0,164,38,69,9,21,5,10,14,27,17,14,10,11,18,1
136,0,144,31,61,7,18,13,20,17,23,12,11,9,10,25,1
136,0,171,31,60,15,33,23,34,11,33,27,14,8,11,24,1
136,0,131,25,60,7,15,9,17,15,24,13,11,4,4,21,1
136,0,119,22,53,5,20,13,23,10,21,14,6,8,3,14,1
136,0,135,20,45,9,19,20,23,13,22,11,16,7,2,16,1
136,0,180,32,55,13,23,20,26,8,18,15,12,6,3,18,1
136,0,101,20,48,3,13,8,12,9,22,11,8,7,2,9,1
136,0,151,26,53,8,19,20,28,19,21,11,13,5,3,15,1
136,0,121,20,52,8,17,14,18,13,19,10,11,3,3,19,1
136,1,143,18,51,6,22,31,40,11,18,9,16,13,10,19,1
136,1,161,30,70,6,18,15,24,20,39,15,20,2,4,24,1
136,0,158,30,55,9,14,11,16,7,21,21,12,4,6,15,1
137,0,139,26,51,8,15,17,22,7,21,17,14,8,3,14,1
137,0,143,27,48,9,23,15,19,10,20,10,11,7,2,12,1
137,0,117,24,47,6,13,19,28,13,28,12,14,5,4,12,1
137,0,123,19,44,2,10,24,25,10,22,11,13,8,1,15,1
137,0,127,21,42,3,10,22,30,6,32,11,15,5,5,19,1
137,0,166,32,68,4,17,21,25,17,33,18,10,2,4,20,1
137,0,137,20,53,7,19,23,33,14,26,16,9,5,4,22,1
137,0,164,30,58,5,17,21,29,9,21,21,9,15,3,16,1
137,0,119,21,52,10,22,16,18,8,30,14,9,5,12,12,1
137,0,155,30,56,4,12,25,36,9,29,18,15,10,1,26,1
137,0,136,27,59,5,17,13,19,6,32,21,14,8,7,14,1
137,0,135,30,55,10,22,9,11,13,27,24,16,8,8,14,1
137,0,122,25,51,8,18,11,14,7,32,12,11,4,1,13,1
137,0,127,24,58,4,15,25,31,14,35,20,9,7,4,16,1
137,0,102,20,54,1,9,12,19,10,20,3,4,7,0,14,1
137,0,119,23,67,7,20,12,19,20,30,15,6,6,3,16,1
138,0,144,28,54,8,20,12,17,11,19,15,13,8,6,19,1
138,0,106,18,50,7,20,11,19,7,15,10,6,6,1,14,1
138,0,156,23,56,11,27,27,30,15,24,14,15,7,3,20,1
138,0,150,38,63,7,21,7,17,14,28,21,11,6,6,21,1
138,0,136,22,55,9,26,16,19,11,19,11,9,9,1,16,1
138,0,143,24,48,7,19,20,26,6,27,6,12,2,3,12,1
138,0,151,34,60,5,14,10,18,11,30,21,16,8,3,22,1
138,0,146,32,66,8,17,10,20,12,28,21,5,6,7,18,1
139,0,156,33,54,8,15,13,16,9,20,14,8,8,1,14,1
139,0,121,27,57,3,17,11,17,11,23,11,5,4,5,15,1
139,0,168,32,58,10,18,11,14,13,29,18,19,3,5,19,1
139,0,141,25,51,8,21,17,23,7,22,17,18,8,3,17,1
139,1,124,26,63,6,17,5,6,5,34,11,12,12,6,18,1
139,0,152,29,53,12,25,17,23,8,30,17,15,4,2,17,1
139,0,127,19,47,5,15,25,33,13,28,12,10,4,5,16,1
139,0,139,24,50,8,16,15,23,5,26,9,7,4,3,16,1
143,0,122,21,52,6,24,15,21,5,23,9,7,13,2,15,1
143,2,197,37,78,8,19,19,29,16,24,19,12,5,11,25,1
143,0,107,22,50,2,16,16,26,13,28,15,13,12,6,17,1
143,0,125,26,65,4,15,13,17,23,26,14,23,11,4,15,1
144,0,121,28,61,8,17,8,10,15,26,14,7,8,1,9,1
144,0,127,22,55,6,15,20,24,16,32,11,14,4,2,20,1
144,0,111,19,44,7,19,14,19,6,26,15,10,8,3,19,1
144,0,149,30,64,4,15,12,15,20,21,15,16,6,3,20,1
145,0,119,21,46,7,15,14,20,12,29,9,20,7,1,16,1
145,0,139,20,52,10,23,23,34,10,26,14,12,5,6,22,1
146,0,149,22,61,11,23,23,29,23,20,15,11,7,0,15,1
146,0,139,24,52,6,18,16,21,13,14,12,11,8,8,20,1
152,0,102,15,49,5,21,17,24,11,21,5,8,12,2,17,1
152,0,135,29,55,13,25,7,9,11,18,20,6,5,1,16,1
154,0,120,23,52,5,17,10,16,11,26,12,12,5,7,14,1
134,0,122,26,50,4,13,14,16,4,25,17,12,10,2,12,1
134,1,158,27,54,4,12,23,28,6,29,17,15,6,1,25,1
135,0,131,23,54,4,16,20,30,10,30,14,13,4,0,14,1
135,0,105,20,59,9,24,10,15,17,23,11,9,5,3,24,1
136,0,118,22,54,7,26,9,11,18,14,11,15,8,1,21,1
136,0,140,24,61,6,22,20,24,10,29,14,10,9,1,22,1
136,0,141,29,54,4,11,16,22,13,23,14,11,3,2,15,1
136,0,133,32,66,9,24,8,9,13,36,20,6,5,6,13,1
136,0,130,29,53,8,23,13,17,9,26,22,12,11,2,15,1
136,0,157,28,52,9,15,21,26,12,31,20,15,6,2,15,1
136,0,141,22,54,5,17,24,28,12,21,14,11,2,1,17,1
136,0,116,24,47,5,11,6,11,6,20,12,9,5,7,8,1
136,0,123,21,57,9,19,11,18,17,24,11,18,12,1,13,1
136,0,125,25,59,8,19,16,25,22,28,18,12,4,1,16,1
136,0,135,26,56,12,24,5,12,10,17,14,3,4,9,18,1
136,0,118,27,66,9,22,5,8,15,30,11,4,5,5,8,1
136,0,130,24,49,5,18,13,15,8,20,10,10,6,5,13,1
136,0,154,22,48,4,11,30,47,13,26,13,16,7,8,20,1
136,0,160,27,55,5,13,25,31,14,23,15,11,6,1,21,1
136,0,130,20,40,12,22,20,25,6,27,13,13,3,2,17,1
137,0,152,23,50,5,19,26,31,8,21,11,14,8,2,21,1
137,0,132,32,60,9,19,14,16,9,29,17,9,9,4,11,1
137,0,107,20,43,4,15,13,20,6,29,14,13,6,10,17,1
137,0,118,21,52,4,14,15,24,12,24,12,9,3,1,15,1
137,0,135,28,47,7,13,10,14,5,28,21,15,3,2,17,1
137,0,125,29,57,9,20,5,8,11,29,19,14,5,1,13,1
137,0,121,24,45,5,12,13,19,5,21,13,15,6,2,18,1
137,0,120,33,64,9,26,0,1,12,24,20,11,5,2,17,1
137,0,189,34,67,3,17,31,42,12,42,21,18,3,10,19,1
137,0,125,21,47,7,17,20,26,6,35,16,14,5,5,11,1
137,0,121,29,52,12,24,5,8,11,24,26,13,5,3,9,1
137,0,108,23,54,5,15,14,17,14,33,12,16,7,3,13,1
137,0,137,23,44,7,16,24,31,9,26,17,15,8,4,16,1
137,0,166,30,63,4,9,21,26,15,27,14,10,4,9,14,1
137,0,130,18,44,12,25,26,39,8,22,14,6,7,4,16,1
137,0,133,26,60,4,18,12,14,11,18,10,5,6,1,19,1
138,0,141,24,52,12,27,11,14,5,17,12,6,2,2,18,1
138,0,156,31,59,14,28,13,15,4,23,17,8,10,6,19,1
138,0,127,19,44,6,16,25,30,9,26,10,9,3,3,13,1
138,0,138,27,54,6,14,13,17,8,24,13,8,2,4,18,1
138,0,134,24,50,6,18,17,24,9,25,12,10,1,6,19,1
138,0,113,26,55,4,16,9,13,10,22,18,6,5,4,12,1
138,2,135,28,65,6,11,9,9,13,29,13,13,6,6,14,1
138,0,135,21,50,9,20,19,23,10,20,12,5,4,2,18,1
139,0,139,24,54,8,14,14,22,11,21,17,12,8,2,20,1
139,0,144,25,49,5,20,18,25,10,23,12,11,1,2,18,1
139,0,128,22,48,9,19,18,25,9,31,15,12,2,9,18,1
139,0,132,27,52,4,12,15,20,7,29,17,12,5,2,11,1
139,0,128,21,51,5,11,19,23,12,18,15,14,11,1,13,1
139,0,169,31,66,6,12,18,23,12,25,18,9,7,5,9,1
139,0,164,36,59,16,26,10,18,11,22,23,9,8,1,11,1
139,0,170,37,65,8,21,12,14,9,26,26,4,4,2,13,1
143,0,170,34,63,9,15,16,21,16,24,15,12,7,3,21,1
143,0,115,19,45,5,18,18,26,10,27,7,14,8,2,19,1
143,0,141,27,57,8,16,12,16,9,26,13,9,5,3,16,1
143,1,157,31,65,11,34,10,22,10,35,23,15,8,5,12,1
144,0,134,30,63,9,19,8,10,15,28,20,9,7,3,14,1
144,0,122,22,48,6,17,12,14,7,25,11,11,3,11,18,1
144,0,144,31,74,5,16,14,21,22,26,15,7,11,8,16,1
144,1,143,24,53,12,26,12,20,7,25,18,17,12,1,20,1
145,1,145,24,60,9,33,17,27,16,25,8,10,2,1,20,1
145,0,128,23,56,5,17,14,18,11,20,10,5,5,6,15,1
146,0,145,27,56,12,22,10,16,9,25,16,14,10,5,13,1
146,0,132,21,53,12,25,17,22,9,26,14,13,7,1,18,1
152,0,132,21,59,8,23,20,26,16,32,8,9,5,2,16,1
152,0,111,23,49,1,12,9,11,6,32,16,15,5,3,13,1
154,0,94,19,55,1,11,14,16,17,36,6,11,4,10,15,1
134,0,150,30,62,7,20,11,20,10,33,21,20,9,7,14,1
134,0,117,19,62,2,16,19,33,26,34,10,28,7,9,18,1
135,0,119,28,49,5,15,4,8,5,27,15,11,3,4,14,1
135,0,130,25,50,4,11,17,24,9,25,16,5,3,3,19,1
136,0,128,23,52,8,20,14,20,12,23,9,12,6,2,16,1
136,0,132,22,48,7,12,17,27,9,37,12,23,4,3,18,1
136,0,131,28,50,9,17,12,16,6,25,15,10,9,2,25,1
136,0,145,32,54,7,13,8,10,7,14,15,12,12,0,12,1
136,0,141,26,54,6,16,19,20,12,29,10,11,2,4,15,1
136,0,134,21,42,2,12,26,34,5,26,12,11,4,7,18,1
136,0,147,30,54,3,10,18,25,9,30,14,12,2,9,14,1
136,0,131,21,52,1,5,26,36,13,27,8,10,5,4,19,1
136,0,156,30,66,9,20,19,26,16,32,19,16,7,3,20,1
136,0,99,20,51,5,17,13,26,10,22,9,8,9,5,8,1
136,0,143,25,50,7,21,18,24,7,24,19,14,6,7,16,1
136,0,137,26,58,5,14,21,26,16,33,11,18,6,8,19,1
136,0,137,25,56,5,23,17,24,15,18,16,9,5,5,15,1
136,0,121,25,59,6,23,6,9,10,27,9,11,8,3,12,1
136,0,149,25,46,8,18,21,30,10,25,13,16,8,5,18,1
136,0,122,23,48,10,19,17,19,11,26,15,10,3,8,15,1
137,0,124,27,59,3,16,8,16,12,28,17,9,4,4,16,1
137,0,115,22,50,9,21,5,13,7,24,14,7,4,3,11,1
137,0,116,28,53,4,23,11,17,9,30,11,12,6,0,10,1
137,0,129,24,53,7,19,11,14,9,22,13,11,9,9,14,1
137,0,133,30,49,5,12,9,13,7,25,14,12,2,3,10,1
137,0,115,23,50,5,16,14,23,7,33,12,14,6,5,17,1
137,0,145,22,52,6,18,25,37,9,25,12,8,7,1,22,1
137,0,156,40,68,3,9,6,9,15,28,21,12,6,0,17,1
137,0,144,31,53,3,9,14,21,6,32,13,10,3,3,13,1
137,0,170,32,59,10,19,12,18,14,23,14,11,2,3,20,1
137,0,135,27,65,5,18,18,24,15,22,14,11,14,6,10,1
137,0,125,22,43,6,16,15,17,4,22,13,9,6,2,12,1
137,0,141,26,57,5,16,15,18,7,25,7,10,7,2,17,1
137,0,102,17,50,8,17,16,21,14,23,7,12,10,1,16,1
137,0,115,21,46,5,13,14,18,8,26,7,17,6,1,12,1
137,0,130,22,44,5,10,18,27,10,20,11,10,6,1,14,1
138,0,143,28,64,11,20,13,18,17,24,15,11,9,4,12,1
138,0,124,24,46,6,13,9,11,8,28,13,22,6,2,13,1
138,0,158,31,56,10,20,15,22,12,28,19,11,2,5,19,1
138,0,115,22,48,7,15,8,12,7,18,9,11,9,5,14,1
138,0,115,21,55,4,15,16,21,5,31,11,12,7,4,11,1
138,0,139,25,53,9,24,14,18,9,22,13,11,6,4,17,1
138,0,134,23,45,6,9,23,29,9,23,13,14,6,8,18,1
138,0,117,23,55,10,33,4,8,10,20,13,8,4,1,16,1
139,0,118,19,50,5,15,19,23,10,23,13,15,13,5,18,1
139,0,134,28,53,10,28,18,25,13,35,13,13,4,4,12,1
139,0,123,21,62,6,24,15,23,21,23,10,7,6,4,18,1
139,0,126,25,46,4,10,11,17,5,27,12,11,2,1,19,1
139,0,129,20,54,7,15,19,31,17,24,11,10,4,3,14,1
139,0,160,33,65,8,16,13,19,11,33,16,9,4,9,8,1
139,0,118,17,43,9,18,19,25,7,18,10,9,9,1,19,1
139,0,128,24,54,7,15,15,21,12,31,8,14,2,6,15,1
143,0,126,24,59,7,27,13,15,10,32,15,11,5,9,15,1
143,0,101,21,55,9,23,6,11,11,28,15,10,9,7,11,1
143,0,147,27,56,8,17,19,27,12,23,14,11,13,1,11,1
143,0,127,27,49,5,9,5,9,7,19,5,6,4,1,13,1
144,0,145,29,57,5,15,12,14,10,25,21,13,7,3,17,1
144,0,117,24,64,1,14,11,20,20,30,13,14,9,11,14,1
144,0,192,31,64,5,10,35,37,15,24,12,6,3,4,18,1
144,1,138,26,65,7,22,14,24,22,41,18,24,4,8,13,1
145,0,140,27,60,6,16,12,15,8,22,11,6,6,3,21,1
145,0,147,21,51,4,13,31,42,14,25,10,12,4,3,20,1
146,0,147,29,63,4,14,18,24,11,30,14,8,9,3,16,1
146,0,152,24,45,4,9,30,44,8,24,15,13,9,9,19,1
152,0,126,25,56,3,11,11,14,12,30,14,17,5,8,15,1
152,0,130,28,49,2,7,11,20,6,27,9,14,7,7,14,1
154,0,126,23,56,6,14,15,21,12,31,12,11,4,11,15,1
134,0,145,27,52,8,18,11,19,6,27,10,8,6,4,19,1
134,0,121,21,46,8,14,17,25,8,25,9,7,3,0,15,1
135,0,123,26,56,8,23,8,12,14,25,17,11,3,10,16,1
135,0,151,31,49,11,21,7,12,3,19,16,10,4,1,16,1
136,0,145,29,51,9,17,14,20,12,32,13,16,2,5,21,1
136,0,124,20,55,3,17,25,28,10,31,8,5,6,3,12,1
136,0,125,26,59,5,11,7,16,8,33,18,11,7,5,19,1
136,0,156,25,51,7,14,27,33,12,30,10,14,1,3,17,1
136,0,122,23,55,8,20,10,15,11,29,14,10,6,0,16,1
136,0,130,22,42,8,18,16,20,3,23,11,13,3,3,20,1
136,0,127,31,54,4,16,13,22,12,19,14,16,20,2,13,1
136,0,117,20,58,4,15,15,19,17,24,5,9,5,4,20,1
136,0,106,20,49,5,15,9,18,10,25,12,15,9,12,18,1
136,0,127,28,55,9,20,6,9,8,21,12,9,6,3,8,1
136,0,119,26,58,6,15,7,11,20,29,16,17,6,3,16,1
136,0,123,23,59,8,22,14,21,14,30,12,18,8,3,19,1
136,0,108,25,54,4,11,10,14,10,23,17,10,10,3,15,1
136,0,115,27,52,5,11,22,31,8,32,21,8,12,5,8,1
136,0,130,35,65,8,16,10,14,13,23,15,7,11,0,17,1
136,0,128,19,49,2,20,33,41,11,26,11,11,10,1,20,1
137,0,130,19,42,7,15,22,25,7,25,16,16,2,2,11,1
137,0,134,27,46,4,11,15,21,5,23,17,11,9,3,18,1
137,0,146,21,49,6,15,30,44,7,32,15,13,5,3,18,1
137,0,126,29,61,7,21,14,23,16,27,13,8,10,2,12,1
137,0,106,16,52,8,31,17,24,11,26,10,12,8,4,12,1
137,0,145,29,55,9,23,16,21,12,26,17,9,3,3,8,1
137,0,134,29,59,9,21,9,12,5,22,19,6,4,1,13,1
137,0,121,20,42,0,6,24,30,4,31,11,17,4,9,15,1
137,0,124,21,49,7,18,14,16,8,22,12,8,4,5,13,1
137,0,127,24,52,12,22,18,21,10,31,12,11,7,4,14,1
137,0,146,31,61,9,16,12,19,11,25,19,11,7,3,19,1
137,0,103,22,57,3,15,10,16,12,31,8,10,6,6,12,1
137,0,149,24,49,11,21,19,27,6,22,18,17,10,2,14,1
137,0,165,34,71,7,15,20,25,13,31,25,10,8,7,17,1
137,0,125,24,56,6,15,16,17,11,29,15,11,5,3,11,1
137,0,148,24,50,7,18,21,33,4,20,13,5,5,4,15,1
138,0,125,27,49,9,15,11,16,3,36,13,12,4,2,20,1
138,0,138,31,55,5,9,15,18,10,19,14,9,11,2,24,1
138,0,146,23,54,5,12,23,27,14,21,9,15,9,4,17,1
138,0,131,31,60,6,20,10,11,12,29,17,12,7,0,7,1
138,0,118,26,52,4,16,14,22,14,35,14,18,10,7,14,1
138,0,131,28,53,8,11,10,16,9,29,18,18,10,4,19,1
138,0,126,18,46,4,10,26,41,14,23,7,15,10,3,16,1
138,0,146,25,50,14,28,12,18,10,20,16,15,8,6,22,1
139,0,116,19,49,7,20,21,28,7,31,9,9,7,4,20,1
139,0,152,33,59,7,18,8,12,9,22,21,13,13,5,13,1
139,0,142,21,37,10,20,26,36,6,20,13,14,7,3,18,1
139,0,110,19,45,4,13,16,20,4,28,9,12,0,2,8,1
139,0,128,24,55,5,14,17,21,15,35,11,22,7,5,11,1
139,0,150,27,55,9,23,13,18,9,21,14,12,8,4,19,1
139,0,122,22,55,9,25,10,15,13,22,12,6,4,2,10,1
139,0,153,25,49,9,18,19,26,3,19,12,9,7,2,20,1
143,0,132,27,50,3,6,14,19,10,26,14,11,3,3,11,1
143,0,143,22,52,7,13,22,26,11,21,9,8,4,3,18,1
143,0,111,21,48,4,10,15,20,7,25,4,14,11,11,17,1
143,0,130,30,67,5,12,7,9,17,30,12,8,4,8,13,1
144,0,132,20,49,7,18,24,26,5,24,8,8,3,5,17,1
144,0,112,22,57,4,15,14,23,15,20,12,10,11,3,11,1
144,0,146,28,52,4,13,17,26,9,25,10,13,7,5,19,1
144,1,172,35,71,8,23,9,17,14,24,18,10,7,1,12,1
145,0,94,19,50,5,17,12,19,11,26,8,6,9,8,11,1
145,0,136,22,59,8,20,18,23,13,27,9,12,8,9,23,1
146,0,148,29,55,2,13,25,36,11,26,8,8,10,9,23,1
146,0,138,30,65,10,19,9,13,9,26,18,11,13,5,13,1
152,0,140,22,49,9,25,19,29,11,22,10,9,8,3,23,1
152,0,117,21,53,8,24,11,20,13,24,17,10,5,3,11,1
154,0,158,28,61,8,16,18,23,15,17,18,9,9,3,22,1
134,0,135,27,47,2,9,15,19,6,36,12,14,3,1,13,1
134,0,133,29,53,4,14,12,16,6,23,16,9,4,9,14,1
135,0,150,29,51,6,15,17,22,10,18,15,10,4,4,20,1
135,1,143,24,54,5,21,25,30,10,27,13,8,2,1,14,1
136,1,170,30,66,11,24,18,20,12,22,13,9,6,2,21,1
136,0,119,22,49,3,13,13,17,4,24,12,13,10,0,14,1
136,0,122,25,49,3,12,14,18,5,25,11,10,7,5,14,1
136,0,118,19,44,6,17,17,28,9,24,9,12,4,3,15,1
136,0,135,20,55,4,13,27,35,16,26,10,12,11,8,18,1
136,0,97,22,46,7,17,6,9,6,25,15,11,8,1,8,1
136,0,171,30,56,10,19,23,25,10,32,16,14,4,2,27,1
136,1,155,27,51,6,14,20,22,6,32,12,15,5,6,20,1
136,0,155,27,54,2,13,31,38,8,29,21,8,4,4,22,1
136,0,125,31,61,4,14,11,12,9,24,18,3,12,3,13,1
136,1,142,23,59,6,17,21,27,10,30,9,11,8,9,18,1
136,1,163,31,64,9,18,12,26,9,32,16,9,7,4,26,1
136,0,130,28,57,7,17,14,17,13,28,16,12,8,6,21,1
136,0,172,31,58,5,12,20,27,10,20,17,9,6,5,24,1
136,0,126,28,62,4,23,13,16,12,34,13,11,8,10,17,1
136,0,110,26,52,10,23,13,14,6,25,13,7,9,1,15,1
137,0,127,26,47,7,14,9,16,7,24,15,12,4,12,20,1
137,0,134,17,42,2,13,38,48,9,28,9,12,7,2,16,1
137,0,142,28,54,9,23,11,21,6,30,18,6,0,3,17,1
137,0,162,25,50,9,18,26,41,7,30,13,15,5,1,28,1
137,0,168,35,55,9,17,14,16,10,24,21,9,5,5,14,1
137,0,149,32,53,0,7,16,24,14,29,17,14,2,7,14,1
137,0,105,19,50,4,15,14,21,13,27,8,15,4,7,11,1
137,0,137,27,55,6,22,11,16,15,21,19,12,8,4,20,1
137,0,149,25,45,5,13,23,28,3,24,16,8,3,0,15,1
137,0,156,33,71,4,15,9,13,21,19,15,9,7,4,19,1
137,1,152,27,51,6,16,17,23,10,25,16,17,6,2,16,1
137,0,111,19,49,8,15,12,17,5,30,10,10,6,5,20,1
137,0,153,30,56,2,14,24,31,10,27,16,12,8,3,13,1
137,0,135,29,63,5,16,13,15,13,23,17,10,11,5,13,1
137,0,129,21,40,8,17,20,25,0,28,16,7,4,5,16,1
137,0,101,23,50,6,19,12,21,11,35,17,12,4,6,17,1
138,0,142,23,52,9,20,22,28,7,29,10,11,11,2,17,1
138,0,108,19,46,7,16,10,18,11,24,12,14,7,4,16,1
138,0,106,25,58,5,20,6,9,14,24,9,6,10,5,7,1
138,0,117,22,49,6,17,16,24,10,27,14,19,9,5,18,1
138,0,144,24,54,14,28,17,21,11,19,16,4,5,2,12,1
138,0,153,28,57,7,21,17,22,10,24,17,11,9,1,20,1
138,0,107,19,44,7,16,18,24,8,30,8,6,4,2,16,1
138,0,162,29,60,11,28,16,25,14,22,15,8,1,1,17,1
139,0,145,32,65,7,18,13,18,7,21,24,6,15,8,18,1
139,0,140,30,47,11,18,14,21,5,27,19,8,2,3,11,1
139,0,168,29,66,12,26,15,21,11,26,16,14,6,1,17,1
139,0,154,27,50,8,18,16,22,10,22,11,11,6,3,15,1
139,0,117,21,47,0,9,18,26,8,29,6,16,10,4,15,1
139,0,146,27,55,6,22,23,26,18,23,15,7,2,0,14,1
139,0,137,29,53,4,14,15,23,4,26,22,3,3,3,17,1
139,0,138,30,54,5,11,13,16,6,34,13,10,3,6,16,1
143,0,134,23,48,5,12,19,25,10,19,14,7,2,4,16,1
143,0,154,28,58,8,23,18,26,10,25,19,10,8,1,25,1
143,0,147,29,58,8,21,13,18,10,30,22,12,4,5,15,1
143,0,121,26,51,6,16,11,20,8,31,18,10,1,6,16,1
144,0,157,26,50,9,19,20,22,5,26,9,9,5,4,15,1
144,0,143,24,55,4,14,22,27,15,22,8,12,5,2,19,1
144,0,144,27,49,11,20,8,10,6,20,14,13,5,1,13,1
144,0,120,21,47,5,14,14,18,7,25,13,10,5,4,16,1
145,0,114,18,48,5,15,21,28,12,25,10,7,5,5,10,1
145,1,127,24,61,6,17,10,12,13,25,11,8,3,0,15,1
146,0,114,17,49,5,22,21,22,7,23,8,8,7,3,12,1
146,0,147,31,58,7,11,6,11,17,18,8,11,2,6,14,1
152,0,116,24,43,5,12,10,13,5,23,12,13,6,4,16,1
152,0,147,29,58,2,5,14,21,11,21,9,4,4,1,17,1
154,0,114,22,53,6,19,10,10,8,26,8,10,9,4,17,1
134,0,138,26,53,3,7,19,34,6,31,20,14,6,3,19,1
134,0,184,36,80,7,23,15,23,16,27,24,7,7,6,21,1
135,0,111,20,42,7,21,9,14,3,22,13,11,4,1,14,1
135,0,158,28,62,4,16,21,33,11,20,11,5,12,2,21,1
136,0,165,32,53,5,11,24,27,12,23,13,12,8,3,23,1
136,0,109,22,48,3,8,9,16,8,27,13,10,4,3,16,1
136,0,104,16,48,4,13,20,28,5,23,11,5,5,4,13,1
136,1,131,25,61,4,10,12,21,11,27,9,9,8,5,16,1
136,0,158,25,48,11,23,23,32,10,26,10,14,5,3,18,1
136,0,113,22,54,5,16,8,13,9,13,12,6,13,2,13,1
136,0,135,28,61,3,10,20,28,13,38,15,13,7,5,18,1
136,0,131,28,66,5,24,5,7,11,28,11,11,2,2,15,1
136,0,132,27,49,5,7,8,13,12,23,14,17,2,2,18,1
136,0,134,27,47,2,6,13,18,2,15,19,7,9,4,13,1
136,1,147,28,57,6,15,13,22,8,24,16,11,5,7,17,1
136,0,119,24,69,3,18,9,11,19,33,9,13,7,5,10,1
136,0,119,20,47,10,20,10,14,7,27,10,18,4,5,17,1
136,0,107,18,38,5,13,16,21,4,22,11,17,7,7,12,1
136,0,145,36,57,11,22,10,15,8,25,22,8,8,6,10,1
136,0,133,26,56,10,23,14,21,8,30,17,10,6,4,14,1
137,0,119,18,42,8,23,22,30,3,29,9,12,8,4,14,1
137,0,141,34,54,10,21,7,14,9,31,28,11,7,3,8,1
137,0,162,30,58,7,22,19,28,11,24,16,9,5,3,13,1
137,0,135,35,69,6,16,7,10,14,32,12,5,3,5,11,1
137,0,131,27,50,9,13,12,15,10,26,16,14,7,3,17,1
137,0,112,23,55,5,15,6,6,9,16,9,9,4,2,11,1
137,0,127,19,40,9,21,18,24,4,30,9,11,5,5,19,1
137,0,133,26,57,7,18,11,19,5,30,18,9,8,3,22,1
137,0,125,23,50,9,18,16,18,8,21,10,7,9,1,14,1
137,0,129,25,57,7,24,12,16,14,26,10,9,5,6,14,1
137,0,152,29,53,7,19,14,18,3,25,11,12,9,6,12,1
137,0,140,25,53,9,22,17,30,13,27,12,13,5,3,12,1
137,0,146,26,57,6,17,21,25,11,24,11,7,5,3,10,1
137,0,130,22,49,5,16,19,27,9,22,11,12,7,1,25,1
137,0,157,25,61,2,13,29,34,15,24,9,7,9,6,17,1
137,0,158,33,61,11,27,9,12,12,24,14,9,5,1,11,1
138,0,131,23,63,7,19,20,24,18,25,14,8,9,4,13,1
138,0,115,20,54,4,15,20,28,12,26,10,7,7,9,15,1
138,0,139,24,53,3,11,20,27,13,32,11,10,2,4,21,1
138,0,165,27,60,4,10,29,37,17,25,14,16,13,3,25,1
138,1,131,22,51,6,20,17,22,9,31,9,13,4,8,16,1
138,0,167,35,58,5,9,17,25,15,26,17,13,4,4,16,1
138,0,139,22,38,8,14,23,32,4,21,12,9,3,3,14,1
138,0,142,23,34,7,13,22,25,5,18,13,14,3,2,17,1
139,0,117,30,55,6,14,2,2,5,28,16,9,7,6,12,1
139,0,155,32,52,10,16,13,21,7,27,20,11,4,2,11,1
139,0,119,22,48,5,11,17,21,10,20,11,7,2,5,16,1
139,0,114,17,40,6,12,20,33,7,25,7,6,4,7,19,1
139,0,138,22,49,9,18,19,24,10,25,13,15,9,3,15,1
139,0,128,24,60,7,19,14,19,14,18,11,10,15,1,20,1
139,0,143,25,51,10,20,18,24,5,27,13,12,10,3,20,1
139,0,137,22,51,7,23,21,29,10,22,11,6,3,3,13,1
143,0,128,22,54,7,22,17,19,10,23,10,8,9,1,14,1
143,0,117,24,50,4,15,26,32,11,33,13,10,7,7,21,1
143,0,151,30,54,9,19,12,15,6,26,18,11,4,4,14,1
143,0,151,26,56,7,21,20,23,12,23,13,5,3,0,18,1
144,0,120,20,45,3,9,20,26,8,23,5,14,6,4,16,1
144,0,136,27,67,3,19,17,23,18,32,15,5,5,4,18,1
144,0,140,27,54,3,12,18,27,7,27,15,5,5,4,13,1
144,0,120,22,57,9,27,9,16,15,21,9,5,1,1,16,1
145,0,134,25,47,4,8,14,20,10,19,8,11,4,9,12,1
145,0,163,25,45,12,18,23,31,4,17,11,9,5,1,21,1
146,0,118,21,56,8,19,16,19,9,22,10,3,8,2,12,1
146,1,146,26,60,9,23,15,20,10,31,20,12,5,7,22,1
152,0,142,26,50,2,10,27,37,7,29,10,8,9,4,18,1
152,0,135,23,48,7,17,18,22,12,22,10,10,1,2,14,1
154,0,131,24,51,4,11,16,20,6,27,7,5,4,6,13,1
134,0,161,34,57,8,23,20,34,10,42,27,18,6,4,18,1
134,0,120,22,59,7,19,19,25,9,34,12,7,5,2,22,1
135,0,114,18,40,9,25,14,19,2,27,14,14,3,1,13,1
135,0,129,24,59,6,25,13,16,12,26,10,8,5,6,14,1
136,2,168,30,77,9,27,16,28,15,30,9,9,13,0,22,1
136,0,132,25,51,9,17,12,16,8,26,14,14,10,2,14,1
136,0,141,23,58,6,17,22,23,11,25,8,10,8,8,26,1
136,0,178,29,54,4,15,31,43,12,28,11,10,4,8,18,1
136,0,120,24,56,6,17,14,21,12,36,12,20,7,2,19,1
136,0,173,37,57,10,16,15,19,8,22,23,12,10,5,16,1
136,0,175,32,64,10,22,20,25,7,28,17,10,9,5,17,1
136,0,184,39,70,6,16,21,27,14,27,23,10,8,9,27,1
136,0,142,33,63,4,13,15,17,10,34,14,10,9,15,17,1
136,0,151,24,54,5,15,26,34,11,33,9,14,5,6,18,1
136,0,150,31,73,7,21,14,19,18,23,13,7,8,10,19,1
136,0,139,25,62,9,24,11,14,8,23,17,6,5,3,15,1
136,0,149,27,50,7,18,19,22,15,23,16,20,11,1,11,1
136,0,126,32,58,12,25,5,8,6,31,20,5,4,7,14,1
136,0,120,24,59,3,20,14,19,9,21,9,6,9,5,21,1
136,0,154,26,49,5,16,22,29,8,28,14,12,3,4,17,1
137,0,143,27,52,3,14,20,25,2,27,8,11,3,3,25,1
137,1,142,24,69,7,28,17,22,13,25,13,3,6,3,15,1
137,0,153,23,45,9,23,24,27,6,23,10,13,5,3,17,1
137,0,171,33,59,11,19,13,21,10,18,16,10,6,5,13,1
137,0,147,21,43,8,20,25,32,5,25,7,10,2,3,18,1
137,0,133,25,43,8,15,12,15,5,28,12,16,3,8,9,1
137,0,150,28,56,11,20,15,25,10,21,15,10,7,7,15,1
137,0,143,34,61,6,20,17,22,11,33,15,7,1,6,15,1
137,0,126,17,55,7,23,29,39,11,22,12,7,16,3,25,1
137,0,154,28,58,9,24,13,17,10,19,13,6,4,4,18,1
137,0,121,21,53,8,22,20,23,16,32,10,15,7,2,17,1
137,0,157,32,57,7,19,21,28,12,33,17,20,13,1,19,1
137,0,142,27,56,4,20,17,21,9,31,13,12,3,4,18,1
137,0,142,33,57,13,28,7,11,7,25,21,11,8,5,10,1
137,0,90,17,53,4,19,9,15,12,25,6,6,6,2,11,1
137,0,124,30,62,7,14,4,4,13,30,14,13,4,2,16,1
138,0,135,23,50,11,23,14,16,5,23,12,10,6,7,18,1
138,0,141,34,61,9,19,5,6,8,26,14,9,7,3,13,1
138,0,140,25,52,6,21,17,23,6,24,13,13,5,4,22,1
138,0,139,30,53,11,21,7,16,4,27,15,6,6,0,10,1
138,0,134,25,51,6,17,17,22,8,36,14,13,3,7,13,1
138,0,122,21,38,7,12,16,23,2,24,7,16,10,4,15,1
138,0,151,31,59,4,14,19,21,13,29,12,15,5,4,19,1
138,0,146,29,52,2,10,17,21,6,26,11,9,3,2,13,1
139,0,133,22,48,1,18,28,31,3,33,8,11,5,7,18,1
139,0,151,29,51,6,17,12,16,11,20,15,13,2,2,12,1
139,0,166,29,60,8,26,19,25,11,26,10,12,5,5,18,1
139,0,133,21,53,6,24,21,25,7,28,6,11,2,7,19,1
139,0,125,27,49,8,20,13,22,8,29,14,10,6,11,9,1
139,2,180,31,71,7,31,23,34,13,37,8,14,6,0,23,1
139,0,155,32,54,10,19,13,17,6,26,23,13,9,4,16,1
139,0,129,25,59,8,27,8,13,7,31,12,12,3,6,21,1
143,0,142,29,62,3,9,18,21,13,30,14,11,5,1,20,1
143,0,140,31,63,11,25,4,9,10,31,23,15,4,5,18,1
143,0,150,32,65,10,23,8,17,12,30,22,8,3,5,17,1
143,0,161,32,51,10,15,18,19,9,18,17,8,8,1,16,1
144,0,187,32,62,11,20,26,33,15,22,20,9,7,5,22,1
144,0,117,22,55,4,13,13,14,11,21,13,12,10,6,9,1
144,0,123,22,61,5,15,14,16,15,18,9,9,9,10,12,1
144,0,155,32,57,4,11,16,24,7,26,26,8,8,5,13,1
145,0,148,27,58,12,24,14,17,14,24,16,15,4,2,21,1
145,0,123,21,52,4,18,18,19,5,23,7,9,11,2,16,1
146,0,162,32,52,4,13,20,24,13,19,17,6,4,1,17,1
146,0,130,21,57,6,18,20,25,12,24,10,8,11,7,15,1
152,0,149,35,65,4,17,9,11,16,27,18,12,6,5,12,1
152,0,146,35,49,11,18,14,19,7,25,14,11,12,3,11,1
154,0,151,28,48,8,14,13,17,2,21,6,10,5,5,16,1
134,0,183,31,47,6,16,27,36,7,22,18,15,6,3,26,1
134,0,133,25,47,10,19,7,13,6,19,14,16,6,1,13,1
135,0,130,22,48,5,16,18,22,6,34,14,18,4,1,13,1
135,0,146,24,57,7,19,20,27,16,20,12,7,4,4,13,1
136,0,182,36,62,4,11,24,28,7,33,14,7,3,3,18,1
136,0,140,24,49,8,19,20,30,5,37,15,12,4,6,15,1
136,0,145,26,54,7,22,21,27,12,26,16,15,12,4,12,1
136,0,166,30,54,2,13,24,39,9,37,16,16,9,9,19,1
136,0,112,25,63,8,30,8,18,14,36,8,9,5,7,13,1
136,0,157,30,54,8,19,16,18,7,31,17,13,4,3,15,1
136,0,153,28,58,7,13,18,27,11,26,19,8,4,3,20,1
136,0,134,26,53,6,14,10,18,8,29,10,12,7,0,18,1
136,0,118,21,52,4,11,14,21,9,27,10,6,4,3,9,1
136,0,150,31,60,9,20,9,14,11,27,16,10,2,6,15,1
136,0,162,25,45,6,17,29,39,7,30,13,15,5,4,20,1
136,0,132,31,60,6,17,8,11,14,29,14,13,5,3,17,1
136,0,147,26,52,7,17,17,25,6,27,9,8,5,5,19,1
136,0,166,30,66,5,11,21,29,17,25,15,13,7,5,19,1
136,0,158,26,60,13,31,19,25,17,20,19,8,4,3,22,1
136,0,141,25,50,9,23,17,24,9,25,15,15,8,2,17,1
137,0,148,28,60,3,7,18,23,8,24,13,10,12,7,20,1
137,0,164,35,61,4,8,17,19,10,29,15,12,4,7,15,1
137,0,136,27,43,5,11,16,22,7,24,10,11,4,4,12,1
137,0,152,29,62,13,28,16,23,14,22,15,8,13,8,17,1
137,0,162,36,64,11,25,17,20,11,34,19,12,6,6,17,1
137,0,149,27,61,3,17,22,28,11,35,12,12,5,9,15,1
137,0,141,31,64,5,15,11,14,16,20,14,6,7,5,12,1
137,0,183,29,56,16,29,18,22,6,15,19,4,5,6,14,1
137,0,136,30,53,6,20,12,14,10,26,18,12,1,3,18,1
137,0,167,38,75,8,22,19,26,20,34,18,10,6,4,13,1
137,0,170,35,63,9,23,14,21,15,26,11,12,8,2,14,1
137,0,156,26,58,4,21,28,31,8,30,11,8,8,3,16,1
137,0,166,36,68,8,24,13,19,13,23,17,9,11,2,13,1
137,0,177,37,59,7,14,16,23,6,27,25,6,2,3,12,1
137,0,131,24,50,8,28,10,14,9,25,14,10,5,4,16,1
137,0,122,19,48,6,20,20,27,13,35,11,16,0,8,19,1
138,0,129,23,51,4,11,19,23,9,23,4,9,7,5,12,1
138,0,139,24,47,8,15,18,23,2,26,16,10,4,2,16,1
138,0,104,23,50,8,21,11,18,7,29,10,10,6,1,10,1
138,0,152,26,59,4,16,23,36,15,27,10,14,7,7,18,1
138,0,156,31,64,8,26,10,15,9,29,27,10,6,1,15,1
138,0,154,27,54,8,14,21,26,10,24,16,12,6,5,18,1
138,0,127,26,49,6,18,7,16,12,22,10,14,4,5,19,1
138,0,157,30,54,11,17,20,26,7,29,20,9,4,3,20,1
139,0,160,31,61,7,19,13,15,14,20,16,12,8,3,16,1
139,0,160,34,64,8,20,14,15,8,28,12,7,9,3,16,1
139,0,127,23,55,7,18,12,18,10,26,11,7,6,5,11,1
139,0,142,28,57,6,17,11,14,9,21,11,6,4,4,15,1
139,0,137,24,63,5,17,19,25,18,27,15,17,13,4,10,1
139,0,147,25,52,7,16,18,27,15,20,11,14,8,2,14,1
139,0,169,27,63,7,22,27,32,15,22,16,11,8,2,22,1
139,0,146,31,62,11,28,6,10,7,23,21,3,5,5,10,1
143,0,119,18,44,4,10,21,32,7,27,7,16,5,3,26,1
143,0,164,34,62,15,28,15,22,12,24,18,10,9,2,15,1
143,0,137,26,58,8,17,9,16,6,30,15,5,6,3,9,1
143,0,144,28,53,6,16,11,16,7,20,14,8,3,1,14,1
144,1,167,28,62,8,22,20,28,14,20,10,12,4,7,24,1
144,0,161,31,63,10,23,14,17,10,19,18,6,5,5,17,1
144,0,172,31,57,9,24,21,33,10,28,22,10,7,1,21,1
144,0,120,23,50,8,20,16,23,11,29,12,16,7,6,20,1
145,0,142,29,61,12,24,13,25,11,30,15,10,7,6,19,1
145,0,134,29,57,11,25,5,7,9,27,12,13,5,8,13,1
146,0,148,27,58,3,15,18,26,13,31,17,16,7,9,18,1
146,0,147,26,53,2,10,23,31,11,23,7,11,4,2,17,1
152,0,150,29,60,9,19,10,13,10,31,15,12,3,8,21,1
152,0,153,25,68,8,21,19,27,17,26,16,11,7,3,22,1
154,0,136,26,73,4,27,15,26,15,31,15,4,7,8,22,1
134,1,176,29,67,12,31,14,31,17,28,16,15,5,0,22,0
136,0,131,20,64,4,16,7,7,8,26,12,17,10,3,15,0
136,0,155,25,69,7,28,14,21,20,22,11,12,2,5,18,0
136,0,152,27,60,7,17,12,17,14,17,20,21,6,6,21,0
136,1,150,25,56,9,21,15,20,10,26,16,14,5,8,19,0
136,0,111,20,64,2,17,11,13,15,26,11,11,8,4,22,0
136,0,124,18,54,3,11,18,22,11,24,8,19,5,4,19,0
136,0,143,26,66,10,27,7,10,13,22,13,10,7,6,24,0
136,0,125,22,58,8,24,8,13,17,18,10,14,6,5,16,0
136,0,125,23,56,6,17,9,10,13,19,13,13,6,1,15,0
136,0,140,24,54,5,15,15,25,14,20,14,9,4,1,20,0
136,0,143,26,65,8,19,11,21,11,18,19,13,6,0,19,0
136,0,139,23,66,8,23,15,20,14,23,15,12,11,3,25,0
136,0,125,21,52,6,20,6,8,7,22,8,18,7,2,23,0
136,0,146,20,61,4,18,25,32,17,25,7,11,3,0,18,0
136,0,155,28,66,9,28,6,9,12,16,11,11,3,3,19,0
136,0,155,29,71,7,24,9,15,22,21,9,10,4,0,20,0
137,1,128,22,59,6,24,13,16,15,21,11,12,8,4,19,0
137,0,93,16,44,6,21,8,14,8,22,10,10,6,4,13,0
137,0,140,19,57,6,18,11,18,12,25,10,16,1,4,16,0
137,0,129,22,52,5,12,13,16,9,20,13,8,2,6,21,0
137,0,159,22,60,4,15,16,22,15,18,10,19,7,1,15,0
137,0,150,24,54,2,21,14,22,8,21,11,18,5,3,18,0
137,0,148,20,55,13,29,20,26,10,19,16,8,7,1,19,0
137,0,143,26,60,5,14,7,17,12,23,9,13,6,8,19,0
137,0,140,20,41,8,18,15,16,2,13,17,18,5,0,20,0
137,0,148,21,51,7,21,12,18,9,20,13,19,6,2,20,0
137,0,136,20,60,6,26,10,17,17,18,7,16,7,3,13,0
137,0,141,22,61,6,21,15,18,14,14,16,11,9,2,14,0
137,0,143,23,62,5,21,10,12,13,16,5,11,9,3,16,0
137,0,118,19,55,3,17,17,24,13,29,8,17,6,2,22,0
137,0,149,24,60,5,10,20,28,13,25,7,15,12,4,20,0
137,0,130,23,65,11,29,2,6,12,21,13,9,6,6,19,0
138,2,191,34,77,11,30,16,21,16,27,20,11,5,5,25,0
138,0,159,27,62,8,23,12,17,11,22,12,11,2,6,18,0
138,0,146,21,57,8,17,10,14,14,19,8,21,4,2,14,0
138,0,184,28,69,4,15,16,23,17,14,11,11,7,5,21,0
138,1,193,31,72,15,36,15,19,18,20,19,12,4,4,17,0
138,0,128,22,63,5,17,11,16,10,31,12,9,6,3,10,0
138,0,139,27,52,5,16,6,12,6,18,6,9,5,4,23,0
138,0,121,26,59,3,11,5,5,11,30,12,11,1,3,16,0
139,0,130,18,49,8,23,18,21,12,23,5,18,7,7,23,0
139,0,150,28,54,11,25,4,4,8,19,13,14,8,2,21,0
139,0,128,19,48,4,14,12,16,8,14,8,16,7,2,19,0
139,0,141,20,57,7,18,17,24,8,20,12,7,2,0,16,0
139,0,114,16,43,5,21,9,12,8,14,9,14,2,1,20,0
139,0,126,19,44,6,17,8,10,5,15,13,16,3,2,18,0
139,0,124,22,63,3,19,9,19,11,27,16,22,8,4,19,0
139,0,144,23,62,5,16,16,24,13,22,10,13,7,2,24,0
143,0,159,25,59,10,23,11,18,9,27,15,19,6,4,16,0
143,0,134,25,65,10,26,5,8,11,22,11,14,6,7,18,0
143,0,120,19,45,8,21,11,16,7,19,9,15,7,1,20,0
143,0,151,29,55,4,14,12,15,10,20,18,12,6,4,19,0
144,0,118,20,54,2,16,16,18,9,24,8,15,12,4,15,0
144,0,119,19,43,4,13,12,17,7,14,10,13,7,2,18,0
144,0,157,27,63,10,22,14,17,14,26,15,17,5,5,19,0
144,0,160,30,71,4,13,14,25,14,27,13,11,7,8,21,0
145,0,153,23,55,10,22,19,23,11,26,16,19,8,2,17,0
145,0,152,25,64,4,16,15,24,20,16,14,11,10,2,19,0
146,0,110,18,58,5,28,6,11,14,14,10,19,13,4,16,0
146,0,161,25,54,8,16,18,26,12,26,11,12,1,2,28,0
152,0,155,23,74,3,16,12,18,21,18,7,11,7,3,17,0
152,0,179,27,63,10,21,20,32,17,17,20,14,6,2,26,0
154,0,159,31,71,4,20,12,30,26,26,18,18,9,4,16,0
134,0,129,18,61,7,30,14,19,21,21,12,17,7,3,20,0
136,0,129,24,59,12,22,4,5,10,20,15,10,4,1,14,0
136,0,123,19,60,11,32,4,6,11,18,10,12,7,1,19,0
136,2,145,27,79,3,20,12,23,18,32,11,10,5,3,29,0
136,0,157,22,57,7,20,10,17,9,22,7,21,7,1,20,0
136,0,125,18,63,6,23,7,11,10,21,8,13,6,0,20,0
136,0,135,21,45,3,13,15,22,4,22,4,14,4,4,18,0
136,0,169,29,56,5,17,20,24,9,20,13,14,2,2,25,0
136,0,138,23,55,5,16,15,18,6,20,14,14,9,0,25,0
136,0,115,17,39,8,25,10,13,2,19,15,16,7,2,15,0
136,0,156,28,53,5,11,15,19,7,22,12,14,4,3,15,0
136,0,145,22,51,6,20,13,18,7,29,15,26,7,1,22,0
136,0,116,15,63,2,15,13,21,22,17,2,19,8,3,15,0
136,0,155,26,55,10,26,13,19,15,21,19,9,2,1,23,0
136,0,115,18,51,5,26,8,12,9,14,11,7,5,0,18,0
136,0,149,25,58,6,24,17,21,13,20,14,14,11,4,20,0
136,0,157,29,57,11,20,9,13,7,20,17,17,7,4,22,0
137,0,109,19,50,3,18,10,10,9,17,12,8,2,0,12,0
137,0,157,29,74,6,23,13,20,17,21,14,6,11,3,14,0
137,0,125,21,54,10,27,8,10,3,25,15,10,2,1,16,0
137,0,125,17,49,8,20,11,17,9,18,8,10,4,2,13,0
137,0,131,20,64,3,16,10,14,11,15,10,15,9,0,25,0
137,0,172,30,66,11,30,5,12,12,17,13,17,13,1,19,0
137,0,102,15,42,2,13,11,16,4,21,9,12,5,4,14,0
137,0,137,18,51,9,27,7,15,3,17,12,17,7,0,18,0
137,0,113,16,49,5,22,15,23,11,21,9,15,9,2,21,0
137,0,131,21,59,3,19,11,13,12,15,19,14,8,2,15,0
137,0,124,23,61,6,26,6,6,15,21,12,15,4,2,18,0
137,0,97,16,52,5,20,7,10,9,24,10,14,6,0,22,0
137,0,202,35,64,6,20,24,34,10,31,19,16,6,5,30,0
137,0,129,22,63,2,19,12,16,18,18,10,12,13,1,19,0
137,0,140,25,54,7,16,7,13,13,16,17,14,8,3,19,0
137,0,150,25,63,10,32,10,13,13,13,18,10,7,1,23,0
138,0,137,26,73,7,24,8,11,22,27,12,12,2,0,31,0
138,0,127,20,59,5,15,10,13,9,26,12,8,1,0,20,0
138,0,152,24,57,3,17,11,16,8,14,11,10,4,0,27,0
138,0,163,28,75,3,22,13,18,19,20,9,10,4,1,23,0
138,0,135,25,53,3,12,12,14,9,20,16,9,7,2,11,0
138,0,142,20,52,3,12,27,38,12,28,13,17,5,6,26,0
138,0,153,25,65,9,28,16,19,16,20,14,11,6,1,21,0
138,0,164,29,63,7,20,15,20,8,24,15,8,5,3,23,0
139,0,111,20,44,5,13,9,15,11,19,14,22,11,2,14,0
139,0,160,27,58,7,16,7,11,14,20,14,13,1,5,14,0
139,0,141,23,54,6,20,11,15,9,18,19,14,6,1,18,0
139,0,123,20,50,6,17,7,14,11,11,9,12,6,3,15,0
139,0,114,17,48,8,18,13,17,7,24,9,13,4,3,20,0
139,0,151,27,61,7,20,14,18,20,21,13,16,4,4,16,0
139,0,148,27,57,13,31,6,8,13,18,13,6,1,1,20,0
139,0,163,26,72,9,26,13,21,18,22,14,8,11,3,21,0
143,0,151,26,55,5,14,14,20,16,19,12,18,5,4,20,0
143,0,126,20,57,8,24,5,8,6,15,11,11,8,0,14,0
143,0,114,21,58,3,17,6,10,16,17,8,12,5,1,18,0
143,0,164,27,51,8,16,18,25,7,21,15,15,6,0,22,0
144,0,134,26,64,4,13,6,11,14,22,17,12,5,2,15,0
144,0,139,22,69,5,20,18,24,16,29,5,11,4,3,22,0
144,0,174,23,71,8,33,20,24,14,19,12,12,13,4,27,0
144,0,150,26,62,7,16,12,17,14,21,12,8,1,6,25,0
145,0,158,25,60,6,19,15,18,12,21,14,9,2,5,23,0
145,0,126,22,57,8,26,10,13,6,18,15,5,8,3,14,0
146,0,129,22,63,3,15,16,23,16,24,8,10,5,0,21,0
146,1,150,26,65,6,19,13,19,12,26,15,15,8,3,26,0
152,0,157,29,71,6,22,14,23,17,20,11,9,8,3,24,0
152,0,132,22,50,4,15,17,25,12,21,10,13,3,0,15,0
154,0,155,27,71,7,22,12,21,18,25,9,14,10,1,26,0
134,0,148,23,59,10,28,13,18,10,19,16,14,6,3,17,0
136,0,119,20,55,7,19,6,10,12,20,15,12,6,3,16,0
136,0,150,25,71,10,30,5,10,16,18,17,17,11,2,19,0
136,0,140,20,59,5,17,19,25,16,27,5,11,6,1,20,0
136,0,138,22,60,10,26,10,12,10,26,16,13,4,0,19,0
136,0,122,23,57,4,16,5,11,15,27,11,17,6,3,19,0
136,0,136,26,59,6,18,6,11,13,22,14,17,5,1,20,0
136,0,118,24,68,5,10,4,6,13,27,2,5,5,6,16,0
136,0,151,24,68,6,28,13,15,11,26,12,16,8,2,16,0
136,0,150,25,59,8,23,13,18,10,20,10,10,7,3,20,0
136,0,144,26,60,6,20,8,15,9,18,16,13,5,2,15,0
136,0,150,23,64,6,31,16,22,16,26,10,21,6,5,26,0
136,0,114,22,53,2,9,8,9,5,17,13,10,6,1,20,0
136,0,124,21,52,6,20,6,9,11,24,12,22,5,1,19,0
136,0,165,33,65,9,20,2,8,12,21,15,18,5,0,16,0
136,0,124,21,50,8,20,11,13,10,17,12,17,8,3,16,0
136,0,156,26,50,9,23,12,16,12,22,17,19,3,3,20,0
137,0,127,20,46,1,11,22,27,8,26,14,13,5,3,15,0
137,0,148,21,61,11,28,18,21,12,17,16,10,10,6,21,0
137,0,103,19,52,5,15,3,6,9,21,10,11,3,1,23,0
137,0,129,18,46,9,18,17,26,10,23,8,20,8,5,21,0
137,0,148,29,65,6,16,4,16,12,22,19,14,9,4,20,0
137,0,117,21,63,5,23,6,10,20,21,8,17,9,1,18,0
137,0,130,24,53,4,12,10,18,13,24,14,18,7,0,21,0
137,0,170,26,61,7,20,22,26,10,20,13,15,9,1,29,0
137,0,163,24,63,4,18,18,25,12,18,9,5,6,3,19,0
137,0,138,23,58,8,21,9,14,12,24,11,20,8,2,18,0
137,0,164,25,58,6,15,12,18,11,11,12,10,9,0,16,0
137,0,113,20,45,3,10,7,10,5,14,10,17,12,2,22,0
137,0,121,17,51,4,20,18,22,16,26,3,20,2,2,17,0
137,1,117,23,55,3,12,8,9,14,23,8,24,9,3,12,0
137,0,102,17,57,4,25,9,12,12,23,6,17,9,4,20,0
137,0,109,22,53,4,17,4,8,8,27,8,8,4,2,15,0
138,0,148,21,64,6,30,15,18,15,17,15,14,9,2,22,0
138,0,130,20,54,3,9,16,25,12,20,10,14,10,1,17,0
138,0,129,20,61,7,26,13,19,16,21,10,10,4,4,19,0
138,0,140,29,62,2,13,9,18,17,27,14,13,2,1,17,0
138,0,125,21,66,2,19,14,19,19,14,3,7,8,3,24,0
138,0,176,30,67,8,24,11,17,17,14,13,8,4,1,18,0
138,2,216,36,71,9,23,24,36,17,29,23,18,7,3,28,0
138,0,158,23,50,4,11,25,35,15,21,16,22,6,2,22,0
139,0,118,20,62,4,13,11,21,18,21,9,10,7,5,19,0
139,0,130,20,53,6,16,8,10,7,15,11,7,7,0,21,0
139,0,133,22,70,7,22,10,14,23,18,5,9,4,0,19,0
139,0,127,22,52,2,14,16,18,9,22,9,14,3,4,16,0
139,0,157,27,76,4,13,7,17,20,27,20,17,8,2,23,0
139,0,162,23,56,6,19,25,30,12,16,14,11,8,0,28,0
139,0,141,20,52,7,18,18,25,10,24,9,19,6,4,30,0
139,0,133,23,50,5,15,11,14,7,22,13,10,4,2,24,0
143,0,157,29,66,10,23,10,13,16,11,17,8,10,0,17,0
143,0,140,22,57,7,29,12,18,13,22,12,12,4,3,12,0
143,0,172,28,67,6,25,17,28,13,20,15,11,9,0,25,0
143,0,125,24,56,1,8,11,16,15,19,10,16,11,1,15,0
144,0,114,17,41,4,10,14,28,9,16,10,12,5,0,20,0
144,0,146,22,51,7,23,17,24,9,24,8,22,11,2,22,0
144,0,133,23,61,8,28,12,19,14,19,7,9,5,5,21,0
144,0,121,19,50,9,22,9,13,2,19,12,13,10,5,25,0
145,1,179,32,61,7,18,18,21,12,25,21,17,11,8,10,0
145,1,178,26,47,18,27,15,19,4,15,23,14,5,2,19,0
146,2,182,31,69,9,19,17,23,16,21,14,11,7,3,25,0
146,0,170,30,61,11,24,11,13,10,19,17,12,5,0,17,0
152,0,129,21,54,6,20,9,12,7,19,10,5,5,4,13,0
152,0,158,25,74,7,23,14,18,15,27,15,12,10,4,19,0
154,0,145,27,70,12,40,4,6,17,22,18,8,8,1,18,0
134,0,120,19,63,4,15,7,13,15,27,7,13,4,4,11,0
136,0,175,32,61,7,22,14,19,13,15,13,12,9,4,22,0
136,2,164,26,63,10,25,14,18,14,23,18,15,4,2,22,0
136,0,124,22,62,4,13,6,10,16,16,8,16,14,4,20,0
136,0,126,19,55,9,20,3,6,7,24,8,16,7,3,17,0
136,1,173,32,54,11,22,10,18,8,25,20,15,2,1,22,0
136,0,154,21,51,10,28,23,33,10,21,14,8,4,1,20,0
136,0,147,21,41,13,27,14,18,1,14,15,11,7,1,13,0
136,0,170,31,55,10,18,11,15,10,26,15,16,7,2,19,0
136,0,144,23,61,3,18,15,25,13,16,6,15,10,3,19,0
136,0,166,33,70,5,18,8,10,17,19,15,9,5,7,23,0
136,0,124,22,56,7,24,10,17,15,20,14,15,7,3,15,0
136,0,124,20,51,4,19,14,21,11,24,12,12,6,2,16,0
136,0,122,17,59,4,19,6,13,9,18,9,14,8,3,16,0
136,0,136,25,51,3,13,8,10,9,26,14,22,3,2,14,0
136,0,156,32,61,5,14,5,8,10,25,18,18,8,4,25,0
136,0,152,21,61,6,20,18,19,11,25,10,13,10,6,24,0
137,0,169,25,58,10,20,15,22,12,15,19,10,4,3,17,0
137,0,150,26,58,7,18,14,19,11,25,11,18,12,1,25,0
137,0,114,19,47,2,12,15,24,12,20,13,13,4,4,15,0
137,0,131,24,52,4,15,7,8,8,14,12,12,11,1,14,0
137,0,140,26,60,10,26,3,5,6,18,17,10,2,2,23,0
137,0,103,17,48,7,26,8,12,9,22,10,8,4,3,15,0
137,0,133,25,58,5,24,9,17,13,25,17,10,5,7,20,0
137,0,172,28,53,7,15,15,20,7,17,14,13,4,4,17,0
137,0,110,20,47,5,16,7,10,9,17,9,13,7,1,18,0
137,0,134,25,65,7,27,8,12,17,16,5,13,9,2,19,0
137,0,127,18,41,6,18,21,26,9,27,10,19,4,5,17,0
137,0,132,26,68,5,22,5,7,14,30,13,9,1,3,20,0
137,0,143,23,59,9,22,9,13,14,15,12,10,6,1,19,0
137,0,112,17,53,10,27,8,13,11,10,10,8,4,1,20,0
137,0,103,14,41,4,17,13,17,6,25,12,18,7,3,17,0
137,0,110,20,47,4,13,2,4,6,20,12,15,7,2,14,0
138,0,125,20,55,7,20,9,11,6,23,19,7,3,3,13,0
138,0,135,21,68,5,18,14,19,19,20,10,14,8,3,29,0
138,0,142,22,61,7,20,9,17,14,19,10,11,6,3,18,0
138,0,170,31,69,16,36,2,6,14,24,18,13,2,3,29,0
138,0,115,22,53,6,13,7,12,10,26,9,17,7,3,22,0
138,0,121,19,39,2,11,19,25,10,20,10,15,7,3,15,0
138,0,131,25,63,5,18,9,11,10,25,15,12,4,0,28,0
138,0,153,27,67,10,29,9,13,18,20,15,10,9,7,20,0
139,0,138,25,61,6,20,10,11,12,26,11,14,2,2,23,0
139,0,170,29,62,8,24,17,18,11,23,15,14,7,1,21,0
139,0,125,23,64,10,30,4,4,13,27,16,13,3,10,15,0
139,0,122,19,47,5,16,9,9,3,21,10,11,4,4,14,0
139,0,128,15,41,2,12,24,29,11,22,8,19,4,0,20,0
139,0,129,22,56,3,22,7,12,6,22,10,13,7,3,17,0
139,0,160,28,65,5,17,17,20,20,14,15,10,7,2,19,0
139,0,121,21,55,6,20,6,11,17,24,13,24,7,3,24,0
143,0,116,18,65,5,26,13,16,17,27,12,16,9,5,18,0
143,0,144,20,60,5,16,19,27,14,21,6,17,4,3,18,0
143,0,145,25,55,15,33,6,8,3,13,19,8,3,1,14,0
143,0,144,24,51,3,10,20,26,11,26,14,17,3,4,22,0
144,1,190,34,80,6,20,18,23,17,21,9,17,19,3,33,0
144,0,110,21,54,5,21,6,8,13,19,15,12,8,4,16,0
144,0,118,20,64,3,24,12,17,17,26,8,9,4,1,21,0
144,1,119,23,49,5,19,8,17,11,28,18,21,5,6,21,0
145,1,130,21,69,10,29,8,11,14,31,14,12,7,7,16,0
145,0,95,17,54,2,17,9,15,16,25,5,18,8,1,29,0
146,0,137,18,73,4,23,22,27,26,14,8,6,6,6,24,0
146,1,170,31,66,7,22,15,19,14,20,15,9,6,7,20,0
152,0,131,23,56,2,11,10,14,11,16,6,11,8,2,15,0
152,0,104,16,50,0,6,13,28,14,19,4,15,9,7,18,0
154,0,130,22,61,3,17,10,14,14,26,11,12,3,1,22,0
134,0,146,29,64,4,17,7,18,15,27,13,13,6,3,26,0
136,0,159,30,65,7,17,8,9,11,16,11,6,4,0,15,0
136,0,103,18,55,4,20,6,7,12,22,4,11,8,4,21,0
136,0,135,20,56,6,26,9,17,15,15,10,12,6,1,16,0
136,0,127,19,56,7,19,12,16,6,24,14,10,6,5,17,0
136,0,136,21,51,3,12,13,27,17,20,10,21,2,1,22,0
136,0,152,24,70,10,37,12,14,13,22,17,17,13,2,17,0
136,0,110,15,47,10,29,9,15,12,17,7,15,6,4,19,0
136,0,151,28,59,6,22,3,6,6,10,14,16,12,1,13,0
136,0,135,19,53,10,26,9,10,6,21,8,12,4,3,12,0
136,0,137,23,69,5,20,7,12,13,17,12,8,9,1,15,0
136,0,120,21,58,4,20,6,8,8,19,8,10,2,1,19,0
136,0,112,13,38,1,6,15,22,6,19,8,17,5,3,13,0
136,0,156,27,58,3,11,20,32,18,24,11,17,5,6,19,0
136,0,121,13,48,3,14,15,25,14,22,6,20,3,5,16,0
136,0,124,19,53,6,21,10,16,14,20,11,12,3,4,13,0
136,0,156,29,67,9,19,10,13,15,21,10,10,2,2,23,0
137,0,181,25,69,6,22,13,14,7,12,10,8,8,1,20,0
137,0,174,21,66,2,19,23,34,16,27,9,21,12,1,17,0
137,0,125,18,55,7,21,15,20,10,20,8,8,5,2,22,0
137,0,131,19,53,4,10,16,22,11,23,12,19,6,5,25,0
137,1,148,30,71,3,19,8,12,11,20,12,6,10,1,17,0
137,0,114,21,44,7,20,7,10,3,21,10,7,1,4,15,0
137,0,135,21,51,4,15,17,18,9,23,16,17,6,6,23,0
137,0,112,14,42,1,11,22,31,11,19,10,20,9,0,23,0
137,0,207,32,65,12,21,10,14,9,19,11,13,2,3,23,0
137,0,146,25,62,7,25,10,12,16,18,14,17,5,0,22,0
137,0,130,25,61,3,11,10,17,21,20,11,11,6,4,23,0
137,0,137,21,57,3,20,15,20,10,16,5,11,5,3,20,0
137,0,141,22,58,8,26,5,7,12,13,16,9,2,4,19,0
137,0,106,19,45,6,17,8,15,9,28,12,21,3,1,22,0
137,0,138,28,67,4,22,4,13,12,29,10,13,10,2,22,0
137,0,139,20,46,6,12,17,25,7,27,16,17,5,5,26,0
138,0,121,23,49,6,11,7,15,14,23,13,17,4,8,13,0
138,0,117,21,55,6,21,7,11,16,17,9,9,6,3,17,0
138,0,148,22,59,8,20,15,17,11,18,15,10,5,0,27,0
138,1,149,26,61,8,23,11,16,5,23,13,9,4,2,21,0
138,1,163,29,71,7,23,14,17,15,19,13,7,9,3,22,0
138,0,141,20,45,5,18,24,31,8,22,5,14,3,7,28,0
138,0,103,17,52,5,16,10,21,13,25,8,12,4,4,19,0
138,2,152,27,60,7,19,13,17,9,27,16,19,10,4,16,0
139,0,141,28,59,5,17,6,13,11,17,15,12,12,1,23,0
139,0,164,24,58,10,26,18,23,15,17,17,12,5,2,22,0
139,0,140,21,57,5,21,15,17,10,20,16,14,5,5,22,0
139,0,136,24,61,8,31,5,8,18,20,13,15,4,3,14,0
139,0,111,19,46,2,13,8,16,5,24,3,11,3,2,21,0
139,0,151,18,48,7,26,31,36,6,23,5,12,5,5,26,0
139,0,142,21,51,5,21,21,27,7,24,14,8,6,1,21,0
139,0,155,24,64,7,28,13,16,11,24,10,14,3,3,27,0
143,0,119,21,57,6,25,10,14,17,14,9,15,6,2,21,0
143,0,129,28,59,3,10,5,10,12,24,14,8,4,0,20,0
143,0,169,30,62,16,31,8,17,10,24,14,7,4,1,24,0
143,0,119,20,55,7,16,8,14,8,19,13,10,5,2,23,0
144,0,122,20,50,7,19,10,13,11,14,8,9,7,0,25,0
144,0,131,21,51,9,27,14,20,8,18,17,5,5,4,16,0
144,0,138,26,61,5,18,7,9,10,29,13,18,5,7,19,0
144,0,148,28,74,9,33,7,12,19,19,13,8,8,3,21,0
145,0,168,26,65,10,22,14,20,15,20,10,11,5,3,29,0
145,0,123,23,56,4,8,5,11,14,14,17,21,17,6,19,0
146,0,162,27,58,8,22,15,16,8,16,13,13,8,2,30,0
146,1,180,25,71,5,20,29,34,21,22,15,9,5,4,19,0
152,0,142,25,64,5,23,11,13,6,20,12,3,6,0,26,0
152,0,127,25,51,7,21,3,8,9,21,17,14,3,3,15,0
154,0,159,30,64,4,23,11,17,10,18,10,7,11,4,20,0
134,0,129,25,57,4,17,6,13,8,26,9,11,2,6,22,0
136,0,141,26,59,8,23,10,15,9,24,12,14,7,2,21,0
136,0,146,21,55,9,25,10,14,13,18,11,16,8,3,18,0
136,0,147,21,50,6,12,19,27,9,18,12,11,6,4,24,0
136,0,140,23,48,8,20,12,17,9,17,13,12,4,5,22,0
136,0,133,21,56,6,23,13,19,11,18,13,11,7,2,12,0
136,0,118,19,57,3,17,9,14,11,23,8,11,5,2,14,0
136,0,145,22,63,9,22,10,15,11,22,10,10,6,5,11,0
136,0,169,28,69,8,28,15,20,16,21,11,11,9,1,15,0
136,0,130,18,59,8,26,9,13,10,15,7,11,8,3,17,0
136,0,129,24,54,7,22,7,14,8,17,13,7,6,1,15,0
136,0,99,13,66,1,14,2,6,15,19,7,11,7,5,9,0
136,0,129,21,59,5,17,11,15,12,22,9,20,10,1,14,0
136,0,111,16,52,6,19,2,8,6,15,7,7,5,4,13,0
136,0,140,21,46,6,15,17,21,6,21,12,12,3,3,14,0
136,0,127,21,58,7,21,7,13,7,20,7,14,9,0,25,0
136,0,134,26,55,6,18,3,5,6,24,10,14,4,3,22,0
137,0,158,28,64,10,24,6,12,14,16,14,10,8,3,23,0
137,0,142,21,48,6,20,13,27,13,17,8,13,5,4,19,0
137,0,158,28,55,12,27,8,14,11,23,14,19,11,1,19,0
137,0,113,16,50,8,26,7,13,9,20,8,12,12,0,16,0
137,0,140,26,54,4,17,5,12,11,20,15,19,5,0,13,0
137,0,150,24,55,4,13,11,21,12,17,16,14,5,3,23,0
137,0,142,22,59,8,23,12,23,10,23,15,14,3,4,20,0
137,0,145,22,64,9,38,16,19,11,25,13,10,6,2,26,0
137,0,187,28,65,7,22,11,14,9,13,16,15,7,1,18,0
137,0,136,24,49,6,14,10,14,9,15,11,12,4,0,22,0
137,1,139,25,58,3,6,16,20,16,25,14,15,5,4,16,0
137,0,145,25,61,4,20,8,12,14,17,12,16,9,0,19,0
137,0,129,21,58,9,25,6,12,18,21,9,22,5,3,26,0
137,0,128,17,59,6,23,14,21,18,17,10,7,4,1,19,0
137,0,144,23,60,9,33,14,23,12,19,9,14,8,3,24,0
137,1,200,26,69,16,42,31,38,19,20,18,15,8,4,21,0
138,0,131,12,45,5,22,27,34,9,17,6,10,6,1,20,0
138,0,119,17,52,2,17,18,19,9,17,4,9,8,9,16,0
138,1,163,31,73,10,30,9,12,17,28,15,9,3,3,24,0
138,0,100,22,51,2,10,3,7,10,19,12,11,2,2,15,0
138,0,102,13,53,3,17,12,13,12,26,7,13,3,3,16,0
138,0,140,19,50,5,22,24,32,7,20,6,13,6,3,23,0
138,0,127,21,53,0,13,13,16,12,24,4,13,4,1,23,0
138,0,163,26,67,8,21,18,23,13,24,9,10,8,4,26,0
139,0,144,26,41,10,18,8,17,7,23,11,20,2,3,27,0
139,0,126,15,47,5,18,13,19,10,18,9,16,3,3,18,0
139,0,151,26,60,8,19,14,20,11,26,9,8,2,7,23,0
139,0,185,28,59,5,18,16,23,14,13,11,9,5,3,13,0
139,1,147,22,61,9,26,18,28,15,24,11,14,11,1,25,0
139,0,147,22,55,9,22,19,22,8,22,10,9,4,3,19,0
139,0,156,20,56,6,21,26,39,10,24,9,13,8,4,19,0
139,0,135,21,47,4,15,17,28,8,22,11,17,8,2,20,0
143,0,139,19,56,5,20,17,25,8,20,12,17,11,1,26,0
143,0,115,18,57,2,16,9,15,9,23,9,10,6,5,18,0
143,0,166,25,72,9,24,19,26,18,18,12,11,11,4,24,0
143,1,154,28,66,1,11,18,27,17,21,16,8,5,6,21,0
144,0,129,17,46,8,23,14,21,14,17,9,12,2,3,13,0
144,0,129,21,59,3,17,12,18,15,15,5,14,10,2,17,0
144,0,166,29,59,5,18,11,17,11,17,18,12,2,3,28,0
144,0,144,22,65,6,17,12,18,19,23,13,10,5,4,14,0
145,0,156,29,55,6,19,9,16,13,14,15,19,7,5,19,0
145,0,133,21,58,4,19,11,16,14,14,12,9,6,1,15,0
146,0,116,22,57,8,27,5,12,9,21,17,9,7,2,15,0
146,0,152,25,69,9,28,8,9,13,23,13,8,5,4,25,0
152,0,150,24,67,5,24,13,15,13,20,7,18,7,3,14,0
152,0,141,24,64,4,13,11,13,12,24,8,12,6,4,17,0
154,1,143,25,62,6,22,12,19,11,17,14,13,11,3,17,0
134,0,101,18,58,2,15,5,11,9,18,4,13,7,6,18,0
136,0,150,17,66,5,25,8,10,9,25,11,19,5,2,27,0
136,0,148,27,51,7,15,1,5,6,14,9,18,9,4,21,0
136,0,141,21,57,10,23,12,18,11,15,15,8,0,1,23,0
136,0,146,22,52,8,23,19,26,13,21,12,15,3,1,20,0
136,0,155,25,59,7,24,14,19,14,21,12,14,2,2,22,0
136,0,151,24,54,7,18,15,20,10,22,10,17,8,2,18,0
136,0,121,21,65,5,22,12,14,21,23,14,11,8,7,19,0
136,0,159,22,80,5,17,9,14,20,28,9,18,9,6,17,0
136,0,136,22,77,6,23,4,8,20,16,10,7,9,1,24,0
136,0,117,20,54,7,22,9,11,9,21,13,14,6,3,20,0
136,0,138,22,54,4,13,14,19,8,22,12,12,6,2,20,0
136,0,145,23,59,7,16,13,18,7,19,15,10,11,1,20,0
136,0,129,20,49,6,15,18,25,10,21,14,12,5,4,17,0
136,0,147,27,62,10,31,3,5,7,17,16,12,8,1,24,0
136,0,148,31,63,5,18,5,7,5,24,14,12,9,3,24,0
136,0,129,20,58,5,18,13,19,14,21,5,17,5,5,22,0
137,0,155,27,64,8,32,9,13,16,19,16,20,7,3,22,0
137,0,123,19,51,6,17,13,17,9,20,13,9,5,4,16,0
137,0,153,26,50,5,13,12,17,10,23,10,18,4,13,20,0
137,0,128,18,49,5,20,19,25,15,22,10,11,2,4,21,0
137,0,158,26,62,10,24,12,15,9,25,9,9,3,4,21,0
137,0,128,20,52,4,11,10,14,13,14,12,20,4,1,10,0
137,0,115,22,53,7,23,6,8,7,19,11,9,2,3,21,0
137,0,139,25,61,5,17,7,13,8,20,16,6,8,7,17,0
137,0,137,23,64,6,21,7,12,17,23,11,9,1,0,15,0
137,0,152,24,56,11,33,16,21,11,17,16,11,4,1,16,0
137,0,134,23,75,4,22,12,24,20,24,12,9,6,3,17,0
137,2,146,24,60,7,25,17,23,9,28,15,20,5,7,21,0
137,0,103,18,73,2,21,6,10,14,20,10,6,10,1,11,0
137,0,127,18,55,6,23,13,14,13,17,13,15,5,3,21,0
137,1,120,20,46,4,13,15,18,4,29,6,15,6,4,16,0
137,0,136,22,46,8,21,7,16,4,17,12,11,6,2,18,0
138,0,158,26,63,3,15,11,17,12,16,17,7,3,3,21,0
138,0,143,25,50,3,12,16,25,13,23,8,15,5,3,23,0
138,0,164,32,62,12,25,5,14,10,21,14,11,4,5,20,0
138,0,159,27,62,5,14,11,19,11,16,9,7,8,3,17,0
138,0,154,29,64,9,22,3,6,16,17,12,15,5,4,16,0
138,0,136,22,56,10,27,9,11,14,20,12,14,5,1,23,0
138,0,150,28,67,4,12,14,19,16,24,13,9,4,3,20,0
138,0,158,20,47,9,24,20,30,7,21,14,20,7,3,21,0
139,0,128,22,59,3,23,10,14,12,18,3,11,7,1,18,0
139,0,103,16,72,4,19,7,8,17,26,7,11,13,6,23,0
139,0,151,29,69,7,24,7,10,13,19,17,9,8,1,14,0
139,0,143,23,57,1,10,22,26,12,18,10,11,10,5,21,0
139,0,162,23,60,5,14,28,33,16,25,8,12,4,0,17,0
139,0,160,26,54,12,28,12,12,5,16,18,9,8,1,21,0
139,0,145,20,49,13,35,14,22,7,17,17,10,2,2,17,0
139,0,109,16,56,3,20,14,17,7,23,5,7,5,2,23,0
143,0,132,24,66,6,23,6,11,9,24,12,9,7,2,26,0
143,0,193,35,69,3,15,18,32,15,25,16,14,8,6,25,0
143,0,115,21,64,5,23,8,10,17,27,9,10,4,7,17,0
143,0,131,16,60,5,27,17,24,8,26,7,11,8,2,24,0
144,0,167,24,63,7,24,9,13,15,17,15,14,5,1,13,0
144,0,129,24,53,3,12,11,13,13,24,11,19,7,4,17,0
144,0,175,27,58,7,23,16,23,4,27,10,12,6,5,19,0
144,0,155,27,60,7,24,10,14,14,15,13,18,10,2,10,0
145,0,157,32,76,5,18,6,12,12,20,21,6,10,1,24,0
145,0,154,25,52,5,18,21,29,10,18,14,11,4,3,18,0
146,0,116,18,47,6,16,10,18,11,18,12,12,7,5,15,0
146,0,132,24,54,2,19,10,16,12,19,9,16,6,0,20,0
152,0,155,25,59,2,6,21,33,16,26,8,16,5,7,18,0
152,0,152,26,79,5,27,12,16,22,31,8,12,7,3,26,0
154,0,161,22,55,7,23,21,29,13,29,13,21,1,5,28,0
134,0,105,16,55,2,21,10,18,14,20,5,7,3,5,22,0
136,0,127,23,68,6,31,7,13,8,29,20,11,7,1,20,0
136,0,136,24,57,4,18,7,9,6,24,15,14,8,1,24,0
136,2,191,34,78,10,32,14,19,20,25,15,21,7,4,24,0
136,0,164,25,62,7,19,17,21,13,20,11,13,6,4,16,0
136,0,144,17,55,5,19,23,31,19,17,8,16,2,0,17,0
136,0,171,23,64,4,17,21,37,15,25,11,14,11,1,23,0
136,0,131,22,50,4,12,17,29,10,23,15,10,4,4,17,0
136,0,119,22,54,6,21,7,12,11,26,17,12,5,2,21,0
136,0,135,25,58,9,22,7,12,15,13,12,8,9,2,20,0
136,0,180,31,61,8,22,13,19,14,17,14,18,5,5,21,0
136,0,101,21,59,6,26,2,3,16,22,12,10,6,2,14,0
136,0,151,25,53,10,21,11,13,4,13,10,9,6,2,23,0
136,0,121,20,52,3,18,16,21,11,22,10,10,3,6,16,0
136,1,143,22,55,5,20,21,26,11,24,8,21,10,2,31,0
136,1,161,26,69,8,24,20,33,10,24,11,5,11,4,20,0
136,0,158,27,51,12,19,12,15,5,17,16,13,8,1,17,0
137,0,139,26,60,5,19,5,9,15,22,13,15,9,1,19,0
137,0,143,27,52,5,17,6,9,7,13,14,11,3,4,20,0
137,0,117,17,53,4,19,6,7,9,15,8,16,7,4,19,0
137,0,123,22,44,6,22,9,13,3,14,12,11,8,1,20,0
137,0,127,21,59,6,20,12,20,11,21,15,8,7,4,22,0
137,0,166,25,60,7,20,20,32,9,20,7,6,6,1,19,0
137,0,137,23,57,8,21,13,22,15,25,8,11,7,3,23,0
137,0,164,28,63,12,24,10,14,18,23,14,20,2,1,22,0
137,0,119,20,62,6,19,5,7,12,23,11,9,6,2,16,0
137,0,155,19,57,4,21,24,32,11,21,8,17,8,1,25,0
137,0,136,23,70,3,12,15,18,15,30,9,14,7,1,16,0
137,0,135,23,66,5,22,5,10,16,13,13,9,8,1,11,0
137,0,122,24,62,5,20,0,4,10,21,8,9,4,3,18,0
137,0,127,18,61,3,19,11,20,13,25,3,12,6,7,22,0
137,0,102,20,48,3,7,6,13,11,26,7,11,1,2,15,0
137,0,119,19,62,7,26,9,14,16,25,14,8,2,11,18,0
138,0,144,23,53,6,13,16,22,14,17,16,14,9,3,18,0
138,0,106,19,44,9,14,5,12,11,28,12,18,3,3,17,0
138,0,156,21,53,5,16,25,28,9,20,12,13,7,2,24,0
138,0,150,21,64,2,15,16,26,19,15,12,11,6,3,17,0
138,0,136,24,54,6,23,13,18,14,24,9,15,5,3,19,0
138,0,143,25,69,7,19,11,11,15,17,9,7,5,2,18,0
138,0,151,22,58,10,26,14,26,14,19,15,14,9,1,17,0
138,0,146,26,66,5,17,7,17,13,25,7,11,1,1,18,0
139,0,156,24,49,8,25,13,17,8,13,13,10,6,1,16,0
139,0,121,19,48,3,12,12,16,9,24,6,11,3,1,18,0
139,0,168,29,66,9,19,16,20,10,14,20,6,8,0,14,0
139,0,141,24,58,4,20,14,19,12,21,14,21,12,0,24,0
139,1,124,23,65,5,17,10,17,14,31,14,14,8,3,13,0
139,0,152,25,60,3,21,12,20,11,16,14,11,8,3,18,0
139,0,127,20,61,7,21,12,20,17,21,13,7,6,8,23,0
139,0,139,25,64,7,21,11,18,15,25,12,9,4,4,18,0
143,0,122,21,48,7,19,10,14,8,30,12,18,4,1,16,0
143,2,197,31,72,12,28,22,29,19,32,12,16,8,4,28,0
143,0,107,16,48,5,21,8,13,7,21,8,15,6,3,22,0
143,0,125,22,56,3,11,9,14,11,18,11,21,14,8,20,0
144,0,121,19,54,6,22,5,8,10,19,14,10,1,4,12,0
144,0,127,20,54,4,15,13,21,7,20,12,7,7,6,21,0
144,0,111,17,44,4,16,14,21,4,22,4,10,6,3,13,0
144,0,149,25,58,9,23,14,19,13,16,14,11,6,3,16,0
145,0,119,22,57,5,15,7,14,11,18,8,13,11,6,19,0
145,0,139,23,67,4,32,16,29,24,27,10,16,6,4,27,0
146,0,149,27,59,5,18,12,19,17,20,14,11,8,8,21,0
146,0,139,24,47,7,16,14,21,10,17,11,10,6,3,15,0
152,0,102,18,42,4,11,10,18,8,28,11,16,3,4,21,0
152,0,135,19,46,5,12,14,19,11,16,11,10,1,4,12,0
154,0,120,20,58,6,18,13,18,14,21,7,8,4,0,18,0
134,0,122,18,48,12,24,4,7,7,22,10,19,4,3,10,0
134,1,158,24,56,9,29,20,26,7,26,19,16,6,2,24,0
135,0,131,22,62,7,26,10,12,11,28,13,12,6,3,22,0
135,0,105,15,38,1,9,15,25,5,26,4,15,2,6,20,0
136,0,118,16,45,5,15,21,27,13,16,8,15,9,2,17,0
136,0,140,22,56,4,19,18,24,7,29,12,13,4,4,20,0
136,0,141,24,63,6,19,9,13,15,16,15,9,7,3,18,0
136,0,133,16,51,7,21,13,15,1,22,6,5,3,1,10,0
136,0,130,17,47,5,19,12,18,8,18,8,17,7,3,17,0
136,0,157,27,58,7,15,10,15,5,15,9,10,10,4,22,0
136,0,141,23,50,6,18,16,21,8,21,10,12,2,2,25,0
136,0,116,24,52,3,14,6,7,8,20,8,6,8,2,11,0
136,0,123,22,48,10,25,7,16,6,23,14,16,14,7,18,0
136,0,125,17,55,3,19,14,19,9,18,9,10,7,6,21,0
136,0,135,23,46,6,13,14,23,11,25,12,7,1,2,14,0
136,0,118,19,56,8,22,4,8,9,24,8,9,2,0,7,0
136,0,130,26,54,8,19,4,6,8,18,12,9,4,0,13,0
136,0,154,25,62,10,25,16,21,15,21,20,16,9,8,28,0
136,0,160,25,58,5,21,21,26,13,18,15,9,5,3,24,0
136,0,130,18,49,6,22,16,22,6,16,12,7,7,0,21,0
137,0,152,26,53,6,15,17,24,10,23,16,15,7,1,24,0
137,0,132,19,55,4,14,3,7,9,20,4,17,2,1,17,0
137,0,107,16,51,9,25,9,19,12,21,12,11,6,1,19,0
137,0,118,19,52,7,22,12,17,10,25,10,9,5,5,19,0
137,0,135,21,54,7,24,13,19,8,17,10,9,8,0,16,0
137,0,125,18,51,9,25,8,12,6,19,10,12,6,3,16,0
137,0,121,21,51,2,13,11,15,11,19,11,15,3,2,19,0
137,0,120,15,43,3,18,12,16,6,20,10,18,4,5,13,0
137,0,189,31,85,8,31,17,25,16,23,19,14,11,1,28,0
137,0,125,23,64,7,21,3,6,8,24,10,8,6,4,21,0
137,0,121,18,53,4,17,6,7,11,15,6,13,7,0,13,0
137,0,108,17,58,5,21,4,6,9,19,9,14,10,2,19,0
137,0,137,22,55,7,21,9,14,10,15,13,14,7,1,24,0
137,0,166,33,75,7,29,8,11,17,21,12,7,7,3,17,0
137,0,130,20,52,5,26,11,13,12,24,12,17,3,1,26,0
137,0,133,23,50,5,12,14,19,11,25,9,15,3,1,13,0
138,0,141,26,46,6,11,12,18,7,26,21,12,2,0,18,0
138,0,156,24,57,2,9,17,21,12,24,18,15,4,5,19,0
138,0,127,22,55,4,14,10,14,9,16,12,8,5,2,19,0
138,0,138,23,55,3,13,16,25,14,21,12,8,4,5,14,0
138,0,134,22,53,7,19,12,16,9,21,9,11,5,2,23,0
138,0,113,18,48,2,14,10,15,12,22,7,9,4,3,16,0
138,2,135,25,66,6,14,8,11,13,22,13,11,3,1,15,0
138,0,135,22,48,6,12,15,22,10,22,7,8,3,0,22,0
139,0,139,24,53,3,11,18,22,10,23,13,13,5,7,17,0
139,0,144,27,53,7,21,10,11,4,18,13,7,7,0,23,0
139,0,128,19,62,7,30,12,19,15,23,12,8,4,5,25,0
139,0,132,23,60,6,21,7,9,10,21,16,12,7,2,18,0
139,0,128,26,47,5,15,5,7,4,20,11,18,7,2,21,0
139,0,169,33,72,10,19,7,7,14,26,17,13,6,2,20,0
139,0,164,26,60,8,18,6,7,13,16,13,17,5,3,17,0
139,0,170,30,67,8,25,8,11,13,20,20,7,3,6,15,0
143,0,170,27,58,5,14,18,22,9,18,10,11,5,6,20,0
143,0,115,17,56,7,29,13,19,12,19,9,11,7,3,20,0
143,0,141,27,64,7,22,6,13,15,22,14,9,4,1,14,0
143,1,157,25,71,10,37,14,16,12,30,13,12,11,1,19,0
144,0,134,22,65,4,26,9,12,16,19,7,11,3,2,10,0
144,0,122,19,58,6,16,16,22,16,20,7,7,6,1,14,0
144,0,144,23,63,2,16,15,20,18,24,8,18,4,8,17,0
144,1,143,26,71,7,19,12,18,21,26,7,16,8,6,19,0
145,1,145,25,57,3,14,18,22,8,26,10,7,6,3,24,0
145,0,128,24,61,4,21,11,16,19,23,14,9,3,1,12,0
146,0,145,27,62,3,16,12,15,11,25,13,13,9,5,17,0
146,0,132,22,62,2,21,15,28,19,26,10,14,8,6,20,0
152,0,132,23,58,8,22,8,13,6,26,17,10,3,4,24,0
152,0,111,21,62,9,27,4,12,15,22,12,10,11,3,12,0
154,0,94,12,64,9,33,8,14,20,21,5,6,8,2,17,0
134,0,150,31,70,6,25,4,8,8,28,19,18,10,3,19,0
134,0,117,22,61,4,22,10,22,10,22,12,17,11,8,24,0
135,0,119,21,58,3,14,9,14,12,19,10,7,1,2,14,0
135,0,130,20,60,4,13,15,21,19,21,6,7,3,2,17,0
136,0,128,21,50,10,30,8,14,7,16,16,13,7,1,17,0
136,0,132,23,71,9,36,9,17,12,21,13,8,14,8,22,0
136,0,131,16,49,3,17,19,28,12,19,10,10,2,3,17,0
136,0,145,27,49,4,12,8,10,7,16,7,17,5,6,13,0
136,0,141,21,56,7,19,15,22,8,16,8,4,7,5,17,0
136,0,134,22,60,8,23,12,17,13,21,8,10,8,0,25,0
136,0,147,25,63,6,15,10,16,10,20,10,10,6,2,19,0
136,0,131,21,60,4,19,16,23,13,23,12,10,4,6,23,0
136,0,156,23,61,7,19,15,22,9,25,16,17,8,6,22,0
136,0,99,16,48,3,14,6,9,12,28,7,22,6,1,22,0
136,0,143,28,65,4,16,8,14,16,20,13,15,6,2,19,0
136,0,137,19,54,4,14,17,22,5,19,9,12,6,8,24,0
136,0,137,21,49,9,23,14,16,10,22,17,12,3,0,22,0
136,0,121,24,62,5,16,6,10,12,24,13,12,8,4,12,0
136,0,149,25,56,9,24,11,14,8,17,14,10,4,0,21,0
136,0,122,18,47,3,9,10,15,5,16,8,8,8,2,16,0
137,0,124,20,57,7,20,12,14,10,24,11,11,6,5,15,0
137,0,115,22,48,7,17,6,12,6,26,9,9,5,4,18,0
137,0,116,18,47,3,18,6,10,2,21,12,13,5,1,15,0
137,0,129,23,57,7,14,10,13,14,23,16,13,9,3,16,0
137,0,133,21,54,10,27,7,11,10,14,16,9,3,0,15,0
137,0,115,20,63,3,17,7,14,16,25,9,14,9,3,21,0
137,0,145,24,58,6,26,16,23,13,29,12,13,4,3,26,0
137,0,156,22,50,8,17,15,23,4,16,10,12,6,4,10,0
137,0,144,23,61,8,23,11,14,8,21,9,9,3,2,17,0
137,0,170,29,55,13,29,13,17,7,18,15,8,6,1,19,0
137,0,135,25,63,3,18,5,8,16,26,8,20,6,2,19,0
137,0,125,22,54,7,23,9,11,11,18,11,10,2,0,16,0
137,0,141,27,64,4,25,11,13,12,27,11,11,3,3,18,0
137,0,102,15,42,2,12,12,16,6,22,9,13,6,5,19,0
137,0,115,21,54,2,15,10,17,10,19,4,11,8,3,17,0
137,0,130,25,49,9,21,4,9,6,15,19,11,6,1,16,0
138,0,143,23,51,5,15,12,18,7,21,13,13,6,3,16,0
138,0,124,23,57,9,30,6,13,8,15,8,11,10,3,16,0
138,0,158,25,61,3,22,18,25,12,19,7,7,6,2,18,0
138,0,115,23,58,5,23,5,8,17,19,13,13,5,2,12,0
138,0,115,20,64,4,21,9,10,13,30,7,16,6,4,18,0
138,0,139,22,56,8,23,14,19,13,21,14,9,3,1,19,0
138,0,134,21,67,4,17,13,19,25,16,8,14,5,0,20,0
138,0,117,20,46,5,19,12,16,9,26,8,12,4,3,17,0
139,0,118,19,50,6,17,12,15,10,21,11,17,5,8,20,0
139,0,134,18,66,4,24,10,13,14,17,9,8,3,3,21,0
139,0,123,20,50,8,18,12,19,12,24,11,10,3,1,16,0
139,0,126,18,51,7,25,18,23,8,20,9,6,5,1,16,0
139,0,129,21,51,8,25,13,17,8,25,13,12,5,4,23,0
139,0,160,28,68,8,20,9,12,9,26,11,9,7,3,18,0
139,0,118,20,46,2,15,14,19,10,23,10,10,5,6,16,0
139,0,128,21,64,3,22,13,20,15,21,4,8,6,5,20,0
143,0,126,20,65,6,21,12,18,15,26,11,9,8,3,17,0
143,0,101,14,49,5,21,11,12,8,28,12,15,8,7,15,0
143,0,147,26,56,9,23,5,8,8,21,8,18,5,5,21,0
143,0,127,21,49,14,27,7,12,8,17,15,6,2,2,12,0
144,0,145,24,56,3,15,19,24,11,18,10,10,7,4,15,0
144,0,117,19,67,6,21,13,17,21,26,10,14,7,6,17,0
144,0,192,36,69,5,18,13,17,12,19,16,8,3,2,27,0
144,1,138,23,71,12,32,7,8,7,23,17,13,13,3,22,0
145,0,140,24,48,8,20,12,18,6,26,17,14,4,3,15,0
145,0,147,22,53,6,16,20,25,8,18,9,12,6,7,29,0
146,0,147,28,64,2,17,9,12,8,27,18,10,5,6,17,0
146,0,152,25,64,4,14,16,19,16,18,15,14,5,5,32,0
152,0,126,20,59,8,22,14,15,10,20,11,12,7,7,17,0
152,0,130,24,69,4,11,9,13,19,21,7,12,5,4,16,0
154,0,126,22,62,5,11,10,15,11,24,9,9,6,5,16,0
134,0,145,23,54,10,23,16,18,6,24,15,10,4,3,17,0
134,0,121,22,52,4,12,6,7,6,22,14,9,4,3,20,0
135,0,123,21,59,3,16,10,14,16,19,11,11,7,1,12,0
135,0,151,26,53,7,18,12,18,11,18,14,10,3,1,13,0
136,0,145,20,51,8,27,16,23,4,14,7,8,7,0,20,0
136,0,124,23,62,5,16,5,8,9,28,13,9,0,4,20,0
136,0,125,19,59,6,20,17,26,12,30,11,12,3,6,20,0
136,0,156,24,57,7,23,17,19,3,16,13,5,6,3,24,0
136,0,122,18,46,10,23,12,18,3,24,10,10,4,8,12,0
136,0,130,21,56,3,14,17,24,16,18,8,11,12,1,17,0
136,0,127,17,41,6,16,8,10,5,15,7,27,8,0,18,0
136,0,117,19,46,6,17,14,22,7,22,12,11,2,4,17,0
136,0,106,19,58,3,15,11,14,15,24,9,13,4,0,19,0
136,0,127,23,52,4,19,6,8,8,21,13,12,3,0,10,0
136,0,119,19,54,7,25,9,14,8,15,10,7,12,5,12,0
136,0,123,21,52,5,17,8,15,6,26,12,14,8,3,23,0
136,0,108,17,61,2,16,8,13,21,21,10,16,9,7,12,0
136,0,115,11,54,4,31,8,12,11,22,5,17,5,6,22,0
136,0,130,15,43,1,13,11,19,9,20,5,22,2,6,12,0
136,0,128,19,54,1,17,16,20,11,21,8,15,5,5,27,0
137,0,130,27,64,5,20,4,9,14,17,12,9,9,4,21,0
137,0,134,19,52,9,15,14,16,10,16,14,13,7,2,19,0
137,0,146,24,64,7,27,13,20,11,28,15,14,6,4,33,0
137,0,126,18,50,3,16,8,11,6,20,9,15,2,3,19,0
137,0,106,17,51,5,19,10,13,8,28,7,15,5,5,20,0
137,0,145,26,62,8,20,2,4,11,17,7,10,1,3,21,0
137,0,134,22,51,4,17,10,13,9,26,9,17,2,2,11,0
137,0,121,21,66,3,20,12,18,18,23,8,10,9,0,24,0
137,0,124,24,57,4,13,9,17,15,21,12,9,6,7,14,0
137,0,127,18,54,9,26,4,11,10,18,9,14,2,1,16,0
137,0,146,20,63,4,22,19,25,19,23,10,15,5,2,19,0
137,0,103,15,59,7,30,9,13,15,25,10,11,7,7,16,0
137,0,149,27,61,4,21,13,19,15,22,6,16,9,2,22,0
137,0,165,23,65,6,28,18,21,14,26,13,19,4,2,18,0
137,0,125,23,58,5,21,4,8,8,21,10,9,6,2,20,0
137,0,148,29,52,4,13,10,16,7,27,14,13,3,2,24,0
138,0,125,16,58,5,18,14,19,11,22,12,8,7,1,14,0
138,0,138,19,40,5,12,13,21,7,17,4,20,0,4,19,0
138,0,146,24,56,11,24,13,19,12,21,13,15,7,8,20,0
138,0,131,23,58,3,16,4,6,7,17,6,11,9,2,14,0
138,0,118,19,64,5,23,5,10,11,18,8,11,7,5,18,0
138,0,131,20,53,3,21,14,22,6,21,11,12,10,2,15,0
138,0,126,22,56,4,21,12,19,13,21,14,17,6,2,24,0
138,0,146,21,59,8,23,20,29,21,18,13,13,8,2,17,0
139,0,116,16,53,2,19,16,18,7,26,9,10,2,2,26,0
139,0,152,27,61,8,23,9,13,14,20,16,17,10,6,11,0
139,0,142,20,50,8,18,16,22,13,16,11,14,4,1,25,0
139,0,110,21,62,3,24,7,8,14,21,8,10,5,4,18,0
139,0,128,22,73,6,21,8,10,16,20,10,11,15,1,20,0
139,0,150,30,63,4,19,10,21,18,22,14,13,5,4,18,0
139,0,122,23,61,7,27,6,7,16,22,7,8,2,3,17,0
139,0,153,23,52,12,25,17,23,12,24,14,16,4,0,20,0
143,0,132,22,63,8,26,9,12,15,16,12,8,3,3,15,0
143,0,143,23,52,6,18,18,20,9,21,7,11,6,2,20,0
143,0,111,16,47,3,15,15,24,11,23,8,18,6,2,18,0
143,0,130,20,56,7,18,11,16,9,20,8,9,5,2,13,0
144,0,132,20,50,3,12,18,24,8,25,6,11,6,4,24,0
144,0,112,20,44,4,11,6,11,6,22,11,20,7,3,20,0
144,0,146,27,61,5,14,10,17,12,23,12,12,7,3,22,0
144,1,172,36,66,6,16,7,10,7,28,21,13,5,8,17,0
145,0,94,12,53,3,25,12,16,19,25,10,13,5,6,16,0
145,0,136,19,61,5,25,23,29,11,26,7,9,5,8,22,0
146,0,148,19,52,4,16,21,28,11,20,11,12,4,2,23,0
146,0,138,23,56,2,10,11,17,9,27,13,15,7,3,11,0
152,0,140,22,54,6,20,18,24,14,22,13,11,5,1,20,0
152,0,117,23,55,3,14,7,11,10,23,13,10,7,4,19,0
154,0,158,25,48,8,18,18,25,8,19,12,12,3,2,15,0
134,0,135,22,60,12,37,8,12,6,17,13,4,3,1,16,0
134,0,133,23,55,2,14,11,16,11,20,7,13,3,0,17,0
135,0,150,24,50,4,13,17,22,11,16,12,13,3,1,23,0
135,1,143,24,58,4,16,13,15,7,23,14,6,2,2,28,0
136,1,170,27,54,7,21,20,27,9,24,12,14,3,2,22,0
136,0,119,24,50,3,12,8,12,3,25,12,14,10,4,16,0
136,0,122,20,51,4,13,11,14,6,21,10,10,4,2,15,0
136,0,118,21,57,4,12,11,16,16,18,5,11,6,6,20,0
136,0,135,23,51,3,5,15,21,7,24,11,15,8,5,27,0
136,0,97,18,53,1,19,3,4,8,18,10,9,3,0,14,0
136,0,171,20,55,8,20,30,39,7,17,7,8,4,1,19,0
136,1,155,25,72,12,30,13,18,18,19,14,10,5,3,16,0
136,0,155,20,61,5,19,23,30,12,20,14,9,4,0,25,0
136,0,125,15,42,4,16,14,18,7,22,5,17,2,0,12,0
136,1,142,26,65,5,16,12,20,14,27,13,13,4,4,22,0
136,1,163,28,60,4,9,20,37,10,33,10,12,7,5,20,0
136,0,130,17,49,4,18,15,20,8,17,12,13,4,1,16,0
136,0,172,27,56,8,15,23,33,11,21,17,10,2,1,18,0
136,0,126,18,63,6,24,11,15,13,24,13,12,4,2,14,0
136,0,110,11,37,4,15,9,15,4,20,8,17,5,0,16,0
137,0,127,16,53,7,17,20,23,13,19,7,10,8,3,17,0
137,0,134,23,54,4,21,10,16,5,20,7,11,9,7,31,0
137,0,142,25,66,4,16,12,17,13,23,8,4,3,5,18,0
137,0,162,26,65,3,15,22,37,17,23,13,12,10,2,33,0
137,0,168,30,65,5,16,10,12,13,11,12,6,3,5,13,0
137,0,149,22,57,12,31,13,16,8,11,14,7,8,1,21,0
137,0,105,19,53,5,21,6,12,9,19,8,10,7,3,20,0
137,0,137,25,56,2,12,14,24,16,17,8,10,9,2,16,0
137,0,149,22,62,15,37,12,13,16,19,15,12,6,1,22,0
137,0,156,28,53,4,16,17,21,9,17,12,10,4,8,14,0
137,1,152,30,65,8,21,7,11,11,18,13,11,11,5,21,0
137,0,111,19,52,4,21,11,19,9,28,12,10,2,2,18,0
137,0,153,28,66,3,11,8,11,14,19,12,13,8,1,21,0
137,0,135,21,57,7,19,10,14,12,21,14,16,2,2,18,0
137,0,129,21,50,9,19,8,14,5,23,13,8,5,2,19,0
137,0,101,12,58,5,28,8,18,13,21,5,6,7,1,17,0
138,0,142,18,51,11,31,18,24,6,24,10,16,6,2,24,0
138,0,108,21,54,0,10,11,14,11,20,4,9,6,7,16,0
138,0,106,19,51,4,17,3,6,10,21,14,11,4,2,12,0
138,0,117,21,53,0,15,9,16,9,21,10,18,9,0,19,0
138,0,144,23,62,4,11,15,16,21,20,14,9,3,3,16,0
138,0,153,22,53,6,17,23,30,8,24,8,11,4,3,17,0
138,0,107,15,47,2,11,12,17,7,20,5,6,1,2,17,0
138,0,162,24,49,8,18,21,23,3,23,9,8,5,1,23,0
139,0,145,22,54,6,16,11,13,11,28,13,21,3,5,14,0
139,0,140,22,55,5,24,6,9,8,14,11,8,4,0,19,0
139,0,168,33,70,8,20,9,15,12,26,10,12,8,4,21,0
139,0,154,27,49,10,21,12,18,4,19,14,9,6,3,21,0
139,0,117,19,58,5,16,14,18,13,22,7,14,9,2,22,0
139,0,146,24,53,8,22,7,9,7,12,11,6,3,4,21,0
139,0,137,20,57,7,27,13,16,12,24,11,8,1,1,23,0
139,0,138,24,59,3,13,9,21,8,20,16,6,7,3,14,0
143,0,134,21,54,4,14,18,23,18,19,4,10,2,2,20,0
143,0,154,22,58,5,21,23,33,15,20,10,12,7,5,24,0
143,0,147,27,64,3,18,11,15,8,22,12,8,8,4,19,0
143,0,121,18,57,2,15,14,18,11,22,10,6,5,3,16,0
144,0,157,32,69,6,16,6,15,17,19,14,9,4,3,17,0
144,0,143,26,53,4,15,13,23,11,18,11,10,6,3,24,0
144,0,144,30,57,3,11,8,14,11,17,11,7,7,8,13,0
144,0,120,20,57,6,18,13,17,14,21,10,6,5,4,16,0
145,0,114,19,48,8,18,6,8,5,21,11,9,5,5,19,0
145,1,127,23,59,5,12,12,17,13,26,8,7,2,5,17,0
146,0,114,18,46,11,29,7,8,6,26,13,16,5,3,16,0
146,0,147,27,57,7,18,11,14,14,10,11,7,4,1,14,0
152,0,116,19,49,1,10,14,20,12,15,3,11,3,1,14,0
152,0,147,23,50,8,20,19,20,6,21,11,8,4,3,18,0
154,0,114,18,46,5,16,13,24,10,23,11,13,6,5,10,0
134,0,138,23,62,6,25,12,21,12,29,15,17,5,3,25,0
134,0,184,28,58,15,29,19,27,6,33,22,15,0,2,23,0
135,0,111,22,55,6,20,5,10,12,21,10,9,5,1,18,0
135,0,158,25,52,9,22,18,26,13,29,15,19,1,4,23,0
136,0,165,24,51,5,12,19,30,8,11,5,9,5,3,19,0
136,0,109,18,57,7,24,10,16,14,23,7,8,5,1,15,0
136,0,104,17,50,6,19,8,12,12,29,7,15,4,5,22,0
136,1,131,26,72,4,26,9,15,21,30,13,12,5,1,18,0
136,0,158,26,64,9,28,13,15,10,18,6,9,3,2,21,0
136,0,113,19,43,7,19,11,13,12,28,14,21,2,1,13,0
136,0,135,17,59,4,16,18,23,6,25,2,11,9,3,22,0
136,0,131,24,60,5,15,12,22,13,28,14,8,5,6,10,0
136,0,132,21,55,5,13,18,20,12,14,9,7,9,2,16,0
136,0,134,27,55,3,11,8,10,13,20,15,16,2,0,12,0
136,1,147,24,63,10,26,14,19,13,24,14,11,4,2,17,0
136,0,119,24,65,6,23,5,7,9,28,12,11,9,9,15,0
136,0,119,20,55,7,16,12,20,10,23,12,9,11,4,14,0
136,0,107,17,51,5,26,11,13,11,18,9,12,7,1,18,0
136,0,145,21,55,4,18,6,7,10,15,15,15,2,1,11,0
136,0,133,24,73,6,27,3,5,16,22,16,8,7,4,21,0
137,0,119,20,59,10,26,3,7,13,26,9,16,4,1,21,0
137,0,141,24,66,6,19,2,4,12,16,13,8,6,1,17,0
137,0,162,29,54,10,21,8,12,3,21,5,13,3,3,22,0
137,0,135,21,63,6,28,4,10,10,20,13,6,1,4,15,0
137,0,131,20,56,5,15,11,16,14,15,8,11,10,3,15,0
137,0,112,24,52,5,14,2,2,9,20,10,14,5,2,10,0
137,0,127,20,56,12,27,10,18,11,20,12,9,5,1,19,0
137,0,133,19,57,4,14,21,26,12,31,8,12,4,2,19,0
137,0,125,21,46,9,22,3,9,4,18,14,12,2,3,17,0
137,0,129,23,61,8,25,6,10,14,20,15,7,6,1,16,0
137,0,152,27,60,10,29,9,13,9,22,11,12,8,0,17,0
137,0,140,27,59,3,17,7,11,7,25,6,10,7,2,21,0
137,0,146,27,57,8,25,5,6,6,23,12,12,4,2,22,0
137,0,130,20,44,6,16,16,25,8,22,12,17,4,3,24,0
137,0,157,24,59,11,22,17,20,12,25,10,13,3,3,26,0
137,0,158,28,58,7,12,9,11,7,18,9,6,8,1,14,0
138,0,131,20,52,5,17,13,15,7,19,9,12,4,3,17,0
138,0,115,20,63,2,14,9,14,21,24,5,14,4,6,22,0
138,0,139,19,61,9,28,21,23,12,20,7,5,5,3,22,0
138,0,165,24,65,8,25,22,27,20,19,17,21,9,3,23,0
138,1,131,21,63,4,13,18,21,13,23,8,7,8,5,15,0
138,0,167,29,66,12,26,5,10,12,14,17,8,5,3,21,0
138,0,139,24,55,9,25,7,9,10,17,9,9,6,1,24,0
138,0,142,26,46,6,14,9,13,4,8,17,8,8,2,22,0
139,0,117,19,58,2,13,9,11,13,20,5,11,6,5,8,0
139,0,155,28,60,5,15,7,10,7,15,10,11,4,3,17,0
139,0,119,18,46,6,19,11,13,8,17,9,10,2,1,20,0
139,0,114,17,57,2,17,18,26,18,21,6,5,2,3,18,0
139,0,138,22,51,11,21,11,13,4,19,12,13,8,2,20,0
139,0,128,21,44,8,19,9,13,8,24,7,23,4,7,19,0
139,0,143,20,57,6,21,19,23,14,24,8,14,8,1,23,0
139,0,137,26,59,8,19,5,7,10,24,13,8,3,4,20,0
143,0,128,22,51,3,17,13,16,8,23,9,12,7,3,16,0
143,0,117,13,54,2,15,11,19,13,19,7,13,4,3,29,0
143,0,151,26,65,3,18,15,19,15,21,9,7,6,3,16,0
143,0,151,26,56,8,13,12,18,9,19,12,4,3,1,20,0
144,0,120,21,60,4,16,11,15,18,18,8,15,8,4,21,0
144,0,136,26,67,3,13,7,11,12,27,12,7,4,7,22,0
144,0,140,23,60,9,20,10,14,11,25,10,7,3,3,19,0
144,0,120,20,55,4,17,14,16,14,24,7,7,2,4,16,0
145,0,134,26,56,4,14,10,13,13,15,16,7,5,1,14,0
145,0,163,24,43,2,6,28,30,3,19,8,10,5,1,22,0
146,0,118,22,50,2,10,6,9,8,27,8,13,1,3,15,0
146,1,146,23,64,4,11,20,29,15,26,10,9,6,6,16,0
152,0,142,22,55,7,20,10,16,9,24,10,14,4,3,28,0
152,0,135,26,54,3,5,9,10,6,16,7,6,5,4,20,0
154,0,131,25,61,7,21,6,10,11,24,13,5,3,1,15,0
134,0,161,23,70,8,23,11,18,9,24,16,9,9,1,26,0
134,0,120,16,53,3,19,15,26,9,29,9,12,1,5,23,0
135,0,114,22,56,3,20,8,11,9,24,10,9,4,2,20,0
135,0,129,25,56,3,15,9,15,10,26,10,11,5,6,15,0
136,2,168,26,62,9,28,22,28,10,42,17,18,2,7,23,0
136,0,132,25,54,7,18,4,9,6,22,14,14,8,4,16,0
136,0,141,23,51,2,10,19,30,9,24,8,12,5,3,22,0
136,0,178,30,68,11,26,14,19,13,21,10,9,5,3,33,0
136,0,120,20,62,4,21,8,21,13,21,8,12,11,1,21,0
136,0,173,28,59,3,17,15,18,9,15,9,15,7,2,19,0
136,0,175,31,64,7,24,12,18,9,28,12,13,6,3,20,0
136,0,184,25,61,4,15,25,37,15,22,6,12,8,0,23,0
136,0,142,20,76,3,13,14,18,25,21,10,14,6,3,14,0
136,0,151,23,59,10,26,16,22,8,23,8,10,4,1,26,0
136,0,150,25,58,2,11,15,24,15,28,10,14,6,5,19,0
136,0,139,28,52,6,13,7,13,5,30,13,12,6,2,14,0
136,0,149,26,53,7,18,10,12,5,10,8,14,15,3,23,0
136,0,126,17,56,3,19,8,10,9,22,4,7,1,0,11,0
136,0,120,20,48,6,18,9,15,10,29,7,19,2,3,23,0
136,0,154,30,68,6,16,9,15,14,18,16,7,9,2,24,0
137,0,143,23,56,3,19,17,26,12,26,6,16,3,1,24,0
137,1,142,30,66,4,18,6,9,13,36,12,12,2,3,21,0
137,0,153,24,59,10,29,16,17,11,17,8,11,5,2,19,0
137,0,171,30,54,11,24,10,15,8,22,20,14,6,2,22,0
137,0,147,25,56,9,23,13,18,11,21,10,9,2,4,24,0
137,0,133,25,63,10,27,3,5,11,14,18,7,10,1,14,0
137,0,150,26,58,5,18,11,14,13,22,15,14,6,3,22,0
137,0,143,20,55,6,23,6,15,8,20,6,10,3,2,17,0
137,0,126,16,52,3,16,21,27,17,31,8,22,5,7,27,0
137,0,154,28,55,10,24,10,13,9,21,13,9,3,6,15,0
137,0,121,18,56,6,22,9,19,10,18,11,9,7,3,16,0
137,0,157,21,56,9,27,14,23,7,18,14,18,14,5,23,0
137,0,142,25,60,7,17,10,15,7,21,14,6,5,2,19,0
137,0,142,21,57,5,17,9,13,12,20,11,14,5,2,12,0
137,0,90,18,48,3,11,4,7,7,29,6,10,3,3,19,0
137,0,124,22,57,4,21,5,11,9,18,9,11,8,2,14,0
138,0,135,25,65,4,23,10,13,20,22,13,11,5,5,16,0
138,0,141,22,52,7,15,8,8,4,20,9,13,5,3,14,0
138,0,140,24,57,4,16,15,19,10,24,8,16,6,2,24,0
138,0,139,20,54,8,25,13,16,7,25,9,8,1,1,14,0
138,0,134,21,62,10,22,9,11,5,19,11,6,7,4,19,0
138,0,122,20,59,6,22,11,14,16,17,8,15,10,0,18,0
138,0,151,23,57,6,23,14,23,9,15,8,11,5,1,20,0
138,0,146,25,54,7,15,12,17,4,18,9,4,7,1,17,0
139,0,133,23,70,4,19,10,15,16,26,13,9,2,1,22,0
139,0,151,29,64,8,27,9,9,14,13,19,6,5,5,15,0
139,0,166,30,66,11,31,10,16,13,24,16,13,7,1,23,0
139,0,133,22,57,4,15,16,20,9,28,7,12,5,0,20,0
139,0,125,19,64,8,24,4,8,18,17,8,10,4,2,15,0
139,2,180,27,69,12,34,22,27,7,32,16,13,9,3,27,0
139,0,155,27,60,7,24,7,13,10,19,14,13,6,3,19,0
139,0,129,22,54,5,16,14,21,5,31,10,8,8,1,17,0
143,0,142,22,55,5,25,14,20,6,22,9,9,7,7,23,0
143,0,140,22,64,6,28,13,24,16,26,14,12,6,4,12,0
143,0,150,26,59,7,22,9,15,5,27,12,8,4,3,19,0
143,0,161,25,47,10,17,9,13,7,10,12,12,6,1,19,0
144,0,187,25,61,13,31,23,26,15,17,13,12,2,1,27,0
144,0,117,23,57,6,20,4,6,13,23,11,17,8,4,15,0
144,0,123,24,55,8,21,4,5,12,25,18,17,4,8,14,0
144,0,155,27,52,7,18,10,15,2,22,16,12,6,2,19,0
145,0,148,21,54,4,21,22,30,13,19,10,12,10,2,16,0
145,0,123,23,50,6,22,7,11,6,26,11,16,5,2,19,0
146,0,162,27,49,9,18,11,14,5,10,9,7,3,1,18,0
146,0,130,22,53,8,21,10,12,8,26,21,13,3,8,16,0
152,0,149,27,66,8,25,4,13,16,15,5,10,8,4,15,0
152,0,146,19,60,6,27,7,11,19,10,8,17,6,2,20,0
154,0,151,27,63,11,17,9,13,16,20,16,11,5,3,20,0
134,0,183,25,53,9,27,29,32,7,14,14,11,8,1,25,0
134,0,133,29,54,1,9,7,12,10,18,12,14,10,2,18,0
135,0,130,24,67,5,26,10,13,9,21,14,9,10,0,15,0
135,0,146,25,51,9,20,12,17,7,20,17,9,3,2,21,0
136,0,182,32,69,10,22,8,16,9,22,18,6,6,2,23,0
136,0,140,25,62,9,25,5,10,3,24,12,9,6,1,22,0
136,0,145,25,62,9,24,6,10,13,19,12,17,9,0,19,0
136,0,166,29,70,8,28,14,20,7,19,18,11,6,1,23,0
136,0,112,18,58,5,20,5,11,9,29,8,13,3,4,17,0
136,0,157,26,65,8,26,13,16,10,18,13,7,8,4,14,0
136,0,153,24,52,6,21,18,21,4,20,15,8,5,3,22,0
136,0,134,21,55,9,26,15,18,7,23,9,10,7,6,16,0
136,0,118,22,57,8,31,6,6,7,26,13,9,2,4,14,0
136,0,150,27,61,10,27,6,10,8,20,21,9,6,1,17,0
136,0,162,29,65,2,13,17,26,11,18,6,9,7,4,32,0
136,0,132,21,57,5,21,9,12,10,17,10,9,5,5,15,0
136,0,147,25,61,10,26,11,17,14,26,15,9,4,2,20,0
136,0,166,27,59,9,20,17,23,9,23,13,15,8,4,25,0
136,0,158,23,49,7,17,21,26,6,19,14,10,3,2,18,0
136,0,141,22,54,7,27,14,19,7,17,13,11,7,3,19,0
137,0,148,26,68,6,17,13,21,21,25,10,15,6,4,18,0
137,0,164,28,64,8,22,9,13,9,18,15,11,6,2,18,0
137,0,136,21,54,7,18,12,15,9,14,10,7,7,2,19,0
137,0,152,24,59,5,23,12,14,13,24,10,17,1,2,19,0
137,0,162,21,62,4,20,16,18,9,18,7,14,5,2,19,0
137,0,149,26,73,8,32,10,11,13,27,11,8,6,3,22,0
137,0,141,23,46,10,19,7,8,4,19,14,14,1,8,14,0
137,0,183,35,64,7,16,14,16,16,24,17,10,3,3,22,0
137,0,136,21,52,4,16,12,17,9,14,8,10,9,1,17,0
137,0,167,22,60,7,27,13,16,6,21,9,13,6,3,17,0
137,0,170,28,64,10,26,11,16,12,15,10,10,4,7,17,0
137,0,156,26,65,7,23,13,19,11,26,11,11,2,3,20,0
137,0,166,25,54,11,28,12,14,6,22,12,18,3,3,20,0
137,0,177,31,71,9,22,9,12,15,21,10,8,3,0,18,0
137,0,131,24,57,9,23,8,11,10,20,11,8,5,0,15,0
137,0,122,18,58,7,22,15,20,10,19,11,6,6,3,23,0
138,0,129,25,54,5,21,5,8,9,21,14,13,5,4,20,0
138,0,139,25,57,4,19,11,14,7,21,15,12,5,0,21,0
138,0,104,16,54,1,15,6,7,9,23,8,11,4,3,17,0
138,0,152,27,66,8,24,11,13,12,24,12,13,11,5,26,0
138,0,156,30,60,7,23,9,14,3,25,14,7,7,3,16,0
138,0,154,22,54,10,28,17,17,8,20,12,14,6,3,21,0
138,0,127,21,51,5,16,15,21,11,19,5,8,8,1,16,0
138,0,157,24,60,4,21,14,19,11,22,10,9,7,3,24,0
139,0,160,30,55,9,22,9,10,6,17,19,13,4,3,18,0
139,0,160,25,57,8,23,12,17,5,23,13,10,3,1,14,0
139,0,127,24,62,8,24,6,9,14,24,12,11,2,5,14,0
139,0,142,28,61,5,20,8,12,15,22,12,11,4,5,18,0
139,0,137,26,60,8,21,5,8,8,24,9,19,10,4,20,0
139,0,147,30,59,6,22,6,8,9,19,11,11,8,2,21,0
139,0,169,22,53,10,27,27,29,10,24,11,18,6,7,26,0
139,0,146,26,58,7,20,8,10,9,23,11,10,2,1,13,0
143,0,119,16,60,5,23,21,29,20,21,7,13,5,7,25,0
143,0,164,24,56,10,27,8,12,9,20,17,16,6,0,18,0
143,0,137,25,58,11,31,7,7,2,29,16,8,3,2,16,0
143,0,144,27,62,7,27,10,11,14,21,14,8,4,1,18,0
144,1,167,28,55,7,17,20,30,11,25,14,16,8,2,26,0
144,0,161,29,55,9,23,8,13,8,20,16,13,3,5,19,0
144,0,172,27,62,8,28,18,21,8,18,13,9,5,1,23,0
144,0,120,17,56,3,13,13,20,15,22,11,16,6,3,20,0
145,0,142,22,62,2,16,13,22,13,28,6,11,4,3,22,0
145,0,134,21,60,5,25,13,17,12,20,14,8,4,1,13,0
146,0,148,27,65,7,19,12,19,11,23,16,9,7,2,19,0
146,0,147,25,60,7,26,13,14,13,18,11,16,7,5,21,0
152,0,150,25,66,7,20,16,22,13,23,12,5,7,6,14,0
152,0,153,22,58,7,26,25,28,12,31,7,16,5,7,20,0
154,0,136,20,59,8,19,17,26,12,37,11,14,2,5,22,0
